accelerator,accelerator_name,accelerator_memory_gb,model,model_name,attention,params_total_b,weights_gb_fp16,fits_weights,kv_kib_per_token,context_len,batch_max,batch_max_floor
a100_80gb,NVIDIA A100 80GB,80.0,llama31_8b,Llama-3.1-8B,GQA,8.03,16.06,True,128.0,4096,119.09753084182739,119
a100_80gb,NVIDIA A100 80GB,80.0,llama31_8b,Llama-3.1-8B,GQA,8.03,16.06,True,128.0,8192,59.548765420913696,59
a100_80gb,NVIDIA A100 80GB,80.0,llama31_8b,Llama-3.1-8B,GQA,8.03,16.06,True,128.0,16384,29.774382710456848,29
a100_80gb,NVIDIA A100 80GB,80.0,llama31_8b,Llama-3.1-8B,GQA,8.03,16.06,True,128.0,32768,14.887191355228424,14
a100_80gb,NVIDIA A100 80GB,80.0,llama31_8b,Llama-3.1-8B,GQA,8.03,16.06,True,128.0,65536,7.443595677614212,7
a100_80gb,NVIDIA A100 80GB,80.0,llama31_8b,Llama-3.1-8B,GQA,8.03,16.06,True,128.0,115440,4.225775176092559,4
a100_80gb,NVIDIA A100 80GB,80.0,llama31_8b,Llama-3.1-8B,GQA,8.03,16.06,True,128.0,131072,3.721797838807106,3
a100_80gb,NVIDIA A100 80GB,80.0,llama31_8b,Llama-3.1-8B,GQA,8.03,16.06,True,128.0,200000,2.439117431640625,2
a100_80gb,NVIDIA A100 80GB,80.0,llama31_8b,Llama-3.1-8B,GQA,8.03,16.06,True,128.0,262144,1.860898919403553,1
a100_80gb,NVIDIA A100 80GB,80.0,llama31_70b,Llama-3.1-70B,GQA,70.6,141.2,False,320.0,4096,0.0,0
a100_80gb,NVIDIA A100 80GB,80.0,llama31_70b,Llama-3.1-70B,GQA,70.6,141.2,False,320.0,8192,0.0,0
a100_80gb,NVIDIA A100 80GB,80.0,llama31_70b,Llama-3.1-70B,GQA,70.6,141.2,False,320.0,16384,0.0,0
a100_80gb,NVIDIA A100 80GB,80.0,llama31_70b,Llama-3.1-70B,GQA,70.6,141.2,False,320.0,32768,0.0,0
a100_80gb,NVIDIA A100 80GB,80.0,llama31_70b,Llama-3.1-70B,GQA,70.6,141.2,False,320.0,65536,0.0,0
a100_80gb,NVIDIA A100 80GB,80.0,llama31_70b,Llama-3.1-70B,GQA,70.6,141.2,False,320.0,115440,0.0,0
a100_80gb,NVIDIA A100 80GB,80.0,llama31_70b,Llama-3.1-70B,GQA,70.6,141.2,False,320.0,131072,0.0,0
a100_80gb,NVIDIA A100 80GB,80.0,llama31_70b,Llama-3.1-70B,GQA,70.6,141.2,False,320.0,200000,0.0,0
a100_80gb,NVIDIA A100 80GB,80.0,llama31_70b,Llama-3.1-70B,GQA,70.6,141.2,False,320.0,262144,0.0,0
a100_80gb,NVIDIA A100 80GB,80.0,llama2_7b_mha,Llama-2-7B (MHA contrast),MHA,6.74,13.48,True,512.0,4096,30.975788831710815,30
a100_80gb,NVIDIA A100 80GB,80.0,llama2_7b_mha,Llama-2-7B (MHA contrast),MHA,6.74,13.48,True,512.0,8192,15.487894415855408,15
a100_80gb,NVIDIA A100 80GB,80.0,llama2_7b_mha,Llama-2-7B (MHA contrast),MHA,6.74,13.48,True,512.0,16384,7.743947207927704,7
a100_80gb,NVIDIA A100 80GB,80.0,llama2_7b_mha,Llama-2-7B (MHA contrast),MHA,6.74,13.48,True,512.0,32768,3.871973603963852,3
a100_80gb,NVIDIA A100 80GB,80.0,llama2_7b_mha,Llama-2-7B (MHA contrast),MHA,6.74,13.48,True,512.0,65536,1.935986801981926,1
a100_80gb,NVIDIA A100 80GB,80.0,llama2_7b_mha,Llama-2-7B (MHA contrast),MHA,6.74,13.48,True,512.0,115440,1.0990716480828786,1
a100_80gb,NVIDIA A100 80GB,80.0,llama2_7b_mha,Llama-2-7B (MHA contrast),MHA,6.74,13.48,True,512.0,131072,0.967993400990963,0
a100_80gb,NVIDIA A100 80GB,80.0,llama2_7b_mha,Llama-2-7B (MHA contrast),MHA,6.74,13.48,True,512.0,200000,0.6343841552734375,0
a100_80gb,NVIDIA A100 80GB,80.0,llama2_7b_mha,Llama-2-7B (MHA contrast),MHA,6.74,13.48,True,512.0,262144,0.4839967004954815,0
a100_80gb,NVIDIA A100 80GB,80.0,qwen25_32b,Qwen2.5-32B,GQA,32.8,65.6,True,256.0,4096,13.41104507446289,13
a100_80gb,NVIDIA A100 80GB,80.0,qwen25_32b,Qwen2.5-32B,GQA,32.8,65.6,True,256.0,8192,6.705522537231445,6
a100_80gb,NVIDIA A100 80GB,80.0,qwen25_32b,Qwen2.5-32B,GQA,32.8,65.6,True,256.0,16384,3.3527612686157227,3
a100_80gb,NVIDIA A100 80GB,80.0,qwen25_32b,Qwen2.5-32B,GQA,32.8,65.6,True,256.0,32768,1.6763806343078613,1
a100_80gb,NVIDIA A100 80GB,80.0,qwen25_32b,Qwen2.5-32B,GQA,32.8,65.6,True,256.0,65536,0.8381903171539307,0
a100_80gb,NVIDIA A100 80GB,80.0,qwen25_32b,Qwen2.5-32B,GQA,32.8,65.6,True,256.0,115440,0.47584581275987525,0
a100_80gb,NVIDIA A100 80GB,80.0,qwen25_32b,Qwen2.5-32B,GQA,32.8,65.6,True,256.0,131072,0.41909515857696533,0
a100_80gb,NVIDIA A100 80GB,80.0,qwen25_32b,Qwen2.5-32B,GQA,32.8,65.6,True,256.0,200000,0.274658203125,0
a100_80gb,NVIDIA A100 80GB,80.0,qwen25_32b,Qwen2.5-32B,GQA,32.8,65.6,True,256.0,262144,0.20954757928848267,0
a100_80gb,NVIDIA A100 80GB,80.0,qwen3_30b_a3b_moe,Qwen3-30B-A3B (MoE),GQA,30.5,61.0,True,96.0,4096,47.18701044718424,47
a100_80gb,NVIDIA A100 80GB,80.0,qwen3_30b_a3b_moe,Qwen3-30B-A3B (MoE),GQA,30.5,61.0,True,96.0,8192,23.59350522359212,23
a100_80gb,NVIDIA A100 80GB,80.0,qwen3_30b_a3b_moe,Qwen3-30B-A3B (MoE),GQA,30.5,61.0,True,96.0,16384,11.79675261179606,11
a100_80gb,NVIDIA A100 80GB,80.0,qwen3_30b_a3b_moe,Qwen3-30B-A3B (MoE),GQA,30.5,61.0,True,96.0,32768,5.89837630589803,5
a100_80gb,NVIDIA A100 80GB,80.0,qwen3_30b_a3b_moe,Qwen3-30B-A3B (MoE),GQA,30.5,61.0,True,96.0,65536,2.949188152949015,2
a100_80gb,NVIDIA A100 80GB,80.0,qwen3_30b_a3b_moe,Qwen3-30B-A3B (MoE),GQA,30.5,61.0,True,96.0,115440,1.6742723041551166,1
a100_80gb,NVIDIA A100 80GB,80.0,qwen3_30b_a3b_moe,Qwen3-30B-A3B (MoE),GQA,30.5,61.0,True,96.0,131072,1.4745940764745076,1
a100_80gb,NVIDIA A100 80GB,80.0,qwen3_30b_a3b_moe,Qwen3-30B-A3B (MoE),GQA,30.5,61.0,True,96.0,200000,0.9663899739583334,0
a100_80gb,NVIDIA A100 80GB,80.0,qwen3_30b_a3b_moe,Qwen3-30B-A3B (MoE),GQA,30.5,61.0,True,96.0,262144,0.7372970382372538,0
h200_141gb,NVIDIA H200 141GB,141.0,llama31_8b,Llama-3.1-8B,GQA,8.03,16.06,True,128.0,4096,232.71888494491577,232
h200_141gb,NVIDIA H200 141GB,141.0,llama31_8b,Llama-3.1-8B,GQA,8.03,16.06,True,128.0,8192,116.35944247245789,116
h200_141gb,NVIDIA H200 141GB,141.0,llama31_8b,Llama-3.1-8B,GQA,8.03,16.06,True,128.0,16384,58.17972123622894,58
h200_141gb,NVIDIA H200 141GB,141.0,llama31_8b,Llama-3.1-8B,GQA,8.03,16.06,True,128.0,32768,29.08986061811447,29
h200_141gb,NVIDIA H200 141GB,141.0,llama31_8b,Llama-3.1-8B,GQA,8.03,16.06,True,128.0,65536,14.544930309057236,14
h200_141gb,NVIDIA H200 141GB,141.0,llama31_8b,Llama-3.1-8B,GQA,8.03,16.06,True,128.0,115440,8.257246645308168,8
h200_141gb,NVIDIA H200 141GB,141.0,llama31_8b,Llama-3.1-8B,GQA,8.03,16.06,True,128.0,131072,7.272465154528618,7
h200_141gb,NVIDIA H200 141GB,141.0,llama31_8b,Llama-3.1-8B,GQA,8.03,16.06,True,128.0,200000,4.766082763671875,4
h200_141gb,NVIDIA H200 141GB,141.0,llama31_8b,Llama-3.1-8B,GQA,8.03,16.06,True,128.0,262144,3.636232577264309,3
h200_141gb,NVIDIA H200 141GB,141.0,llama31_70b,Llama-3.1-70B,GQA,70.6,141.2,False,320.0,4096,0.0,0
h200_141gb,NVIDIA H200 141GB,141.0,llama31_70b,Llama-3.1-70B,GQA,70.6,141.2,False,320.0,8192,0.0,0
h200_141gb,NVIDIA H200 141GB,141.0,llama31_70b,Llama-3.1-70B,GQA,70.6,141.2,False,320.0,16384,0.0,0
h200_141gb,NVIDIA H200 141GB,141.0,llama31_70b,Llama-3.1-70B,GQA,70.6,141.2,False,320.0,32768,0.0,0
h200_141gb,NVIDIA H200 141GB,141.0,llama31_70b,Llama-3.1-70B,GQA,70.6,141.2,False,320.0,65536,0.0,0
h200_141gb,NVIDIA H200 141GB,141.0,llama31_70b,Llama-3.1-70B,GQA,70.6,141.2,False,320.0,115440,0.0,0
h200_141gb,NVIDIA H200 141GB,141.0,llama31_70b,Llama-3.1-70B,GQA,70.6,141.2,False,320.0,131072,0.0,0
h200_141gb,NVIDIA H200 141GB,141.0,llama31_70b,Llama-3.1-70B,GQA,70.6,141.2,False,320.0,200000,0.0,0
h200_141gb,NVIDIA H200 141GB,141.0,llama31_70b,Llama-3.1-70B,GQA,70.6,141.2,False,320.0,262144,0.0,0
h200_141gb,NVIDIA H200 141GB,141.0,llama2_7b_mha,Llama-2-7B (MHA contrast),MHA,6.74,13.48,True,512.0,4096,59.38112735748291,59
h200_141gb,NVIDIA H200 141GB,141.0,llama2_7b_mha,Llama-2-7B (MHA contrast),MHA,6.74,13.48,True,512.0,8192,29.690563678741455,29
h200_141gb,NVIDIA H200 141GB,141.0,llama2_7b_mha,Llama-2-7B (MHA contrast),MHA,6.74,13.48,True,512.0,16384,14.845281839370728,14
h200_141gb,NVIDIA H200 141GB,141.0,llama2_7b_mha,Llama-2-7B (MHA contrast),MHA,6.74,13.48,True,512.0,32768,7.422640919685364,7
h200_141gb,NVIDIA H200 141GB,141.0,llama2_7b_mha,Llama-2-7B (MHA contrast),MHA,6.74,13.48,True,512.0,65536,3.711320459842682,3
h200_141gb,NVIDIA H200 141GB,141.0,llama2_7b_mha,Llama-2-7B (MHA contrast),MHA,6.74,13.48,True,512.0,115440,2.106939515386781,2
h200_141gb,NVIDIA H200 141GB,141.0,llama2_7b_mha,Llama-2-7B (MHA contrast),MHA,6.74,13.48,True,512.0,131072,1.855660229921341,1
h200_141gb,NVIDIA H200 141GB,141.0,llama2_7b_mha,Llama-2-7B (MHA contrast),MHA,6.74,13.48,True,512.0,200000,1.21612548828125,1
h200_141gb,NVIDIA H200 141GB,141.0,llama2_7b_mha,Llama-2-7B (MHA contrast),MHA,6.74,13.48,True,512.0,262144,0.9278301149606705,0
h200_141gb,NVIDIA H200 141GB,141.0,qwen25_32b,Qwen2.5-32B,GQA,32.8,65.6,True,256.0,4096,70.22172212600708,70
h200_141gb,NVIDIA H200 141GB,141.0,qwen25_32b,Qwen2.5-32B,GQA,32.8,65.6,True,256.0,8192,35.11086106300354,35
h200_141gb,NVIDIA H200 141GB,141.0,qwen25_32b,Qwen2.5-32B,GQA,32.8,65.6,True,256.0,16384,17.55543053150177,17
h200_141gb,NVIDIA H200 141GB,141.0,qwen25_32b,Qwen2.5-32B,GQA,32.8,65.6,True,256.0,32768,8.777715265750885,8
h200_141gb,NVIDIA H200 141GB,141.0,qwen25_32b,Qwen2.5-32B,GQA,32.8,65.6,True,256.0,65536,4.3888576328754425,4
h200_141gb,NVIDIA H200 141GB,141.0,qwen25_32b,Qwen2.5-32B,GQA,32.8,65.6,True,256.0,115440,2.49158154736768,2
h200_141gb,NVIDIA H200 141GB,141.0,qwen25_32b,Qwen2.5-32B,GQA,32.8,65.6,True,256.0,131072,2.1944288164377213,2
h200_141gb,NVIDIA H200 141GB,141.0,qwen25_32b,Qwen2.5-32B,GQA,32.8,65.6,True,256.0,200000,1.438140869140625,1
h200_141gb,NVIDIA H200 141GB,141.0,qwen25_32b,Qwen2.5-32B,GQA,32.8,65.6,True,256.0,262144,1.0972144082188606,1
h200_141gb,NVIDIA H200 141GB,141.0,qwen3_30b_a3b_moe,Qwen3-30B-A3B (MoE),GQA,30.5,61.0,True,96.0,4096,198.6821492513021,198
h200_141gb,NVIDIA H200 141GB,141.0,qwen3_30b_a3b_moe,Qwen3-30B-A3B (MoE),GQA,30.5,61.0,True,96.0,8192,99.34107462565105,99
h200_141gb,NVIDIA H200 141GB,141.0,qwen3_30b_a3b_moe,Qwen3-30B-A3B (MoE),GQA,30.5,61.0,True,96.0,16384,49.67053731282552,49
h200_141gb,NVIDIA H200 141GB,141.0,qwen3_30b_a3b_moe,Qwen3-30B-A3B (MoE),GQA,30.5,61.0,True,96.0,32768,24.83526865641276,24
h200_141gb,NVIDIA H200 141GB,141.0,qwen3_30b_a3b_moe,Qwen3-30B-A3B (MoE),GQA,30.5,61.0,True,96.0,65536,12.41763432820638,12
h200_141gb,NVIDIA H200 141GB,141.0,qwen3_30b_a3b_moe,Qwen3-30B-A3B (MoE),GQA,30.5,61.0,True,96.0,115440,7.049567596442596,7
h200_141gb,NVIDIA H200 141GB,141.0,qwen3_30b_a3b_moe,Qwen3-30B-A3B (MoE),GQA,30.5,61.0,True,96.0,131072,6.20881716410319,6
h200_141gb,NVIDIA H200 141GB,141.0,qwen3_30b_a3b_moe,Qwen3-30B-A3B (MoE),GQA,30.5,61.0,True,96.0,200000,4.069010416666667,4
h200_141gb,NVIDIA H200 141GB,141.0,qwen3_30b_a3b_moe,Qwen3-30B-A3B (MoE),GQA,30.5,61.0,True,96.0,262144,3.104408582051595,3
mi300x_192gb,AMD Instinct MI300X 192GB,192.0,llama31_8b,Llama-3.1-8B,GQA,8.03,16.06,True,128.0,4096,327.7137875556946,327
mi300x_192gb,AMD Instinct MI300X 192GB,192.0,llama31_8b,Llama-3.1-8B,GQA,8.03,16.06,True,128.0,8192,163.8568937778473,163
mi300x_192gb,AMD Instinct MI300X 192GB,192.0,llama31_8b,Llama-3.1-8B,GQA,8.03,16.06,True,128.0,16384,81.92844688892365,81
mi300x_192gb,AMD Instinct MI300X 192GB,192.0,llama31_8b,Llama-3.1-8B,GQA,8.03,16.06,True,128.0,32768,40.96422344446182,40
mi300x_192gb,AMD Instinct MI300X 192GB,192.0,llama31_8b,Llama-3.1-8B,GQA,8.03,16.06,True,128.0,65536,20.48211172223091,20
mi300x_192gb,AMD Instinct MI300X 192GB,192.0,llama31_8b,Llama-3.1-8B,GQA,8.03,16.06,True,128.0,115440,11.627821152357285,11
mi300x_192gb,AMD Instinct MI300X 192GB,192.0,llama31_8b,Llama-3.1-8B,GQA,8.03,16.06,True,128.0,131072,10.241055861115456,10
mi300x_192gb,AMD Instinct MI300X 192GB,192.0,llama31_8b,Llama-3.1-8B,GQA,8.03,16.06,True,128.0,200000,6.711578369140625,6
mi300x_192gb,AMD Instinct MI300X 192GB,192.0,llama31_8b,Llama-3.1-8B,GQA,8.03,16.06,True,128.0,262144,5.120527930557728,5
mi300x_192gb,AMD Instinct MI300X 192GB,192.0,llama31_70b,Llama-3.1-70B,GQA,70.6,141.2,True,320.0,4096,37.84894943237305,37
mi300x_192gb,AMD Instinct MI300X 192GB,192.0,llama31_70b,Llama-3.1-70B,GQA,70.6,141.2,True,320.0,8192,18.924474716186523,18
mi300x_192gb,AMD Instinct MI300X 192GB,192.0,llama31_70b,Llama-3.1-70B,GQA,70.6,141.2,True,320.0,16384,9.462237358093262,9
mi300x_192gb,AMD Instinct MI300X 192GB,192.0,llama31_70b,Llama-3.1-70B,GQA,70.6,141.2,True,320.0,32768,4.731118679046631,4
mi300x_192gb,AMD Instinct MI300X 192GB,192.0,llama31_70b,Llama-3.1-70B,GQA,70.6,141.2,True,320.0,65536,2.3655593395233154,2
mi300x_192gb,AMD Instinct MI300X 192GB,192.0,llama31_70b,Llama-3.1-70B,GQA,70.6,141.2,True,320.0,115440,1.3429426271223146,1
mi300x_192gb,AMD Instinct MI300X 192GB,192.0,llama31_70b,Llama-3.1-70B,GQA,70.6,141.2,True,320.0,131072,1.1827796697616577,1
mi300x_192gb,AMD Instinct MI300X 192GB,192.0,llama31_70b,Llama-3.1-70B,GQA,70.6,141.2,True,320.0,200000,0.775146484375,0
mi300x_192gb,AMD Instinct MI300X 192GB,192.0,llama31_70b,Llama-3.1-70B,GQA,70.6,141.2,True,320.0,262144,0.5913898348808289,0
mi300x_192gb,AMD Instinct MI300X 192GB,192.0,llama2_7b_mha,Llama-2-7B (MHA contrast),MHA,6.74,13.48,True,512.0,4096,83.12985301017761,83
mi300x_192gb,AMD Instinct MI300X 192GB,192.0,llama2_7b_mha,Llama-2-7B (MHA contrast),MHA,6.74,13.48,True,512.0,8192,41.564926505088806,41
mi300x_192gb,AMD Instinct MI300X 192GB,192.0,llama2_7b_mha,Llama-2-7B (MHA contrast),MHA,6.74,13.48,True,512.0,16384,20.782463252544403,20
mi300x_192gb,AMD Instinct MI300X 192GB,192.0,llama2_7b_mha,Llama-2-7B (MHA contrast),MHA,6.74,13.48,True,512.0,32768,10.391231626272202,10
mi300x_192gb,AMD Instinct MI300X 192GB,192.0,llama2_7b_mha,Llama-2-7B (MHA contrast),MHA,6.74,13.48,True,512.0,65536,5.195615813136101,5
mi300x_192gb,AMD Instinct MI300X 192GB,192.0,llama2_7b_mha,Llama-2-7B (MHA contrast),MHA,6.74,13.48,True,512.0,115440,2.94958314214906,2
mi300x_192gb,AMD Instinct MI300X 192GB,192.0,llama2_7b_mha,Llama-2-7B (MHA contrast),MHA,6.74,13.48,True,512.0,131072,2.5978079065680504,2
mi300x_192gb,AMD Instinct MI300X 192GB,192.0,llama2_7b_mha,Llama-2-7B (MHA contrast),MHA,6.74,13.48,True,512.0,200000,1.7024993896484375,1
mi300x_192gb,AMD Instinct MI300X 192GB,192.0,llama2_7b_mha,Llama-2-7B (MHA contrast),MHA,6.74,13.48,True,512.0,262144,1.2989039532840252,1
mi300x_192gb,AMD Instinct MI300X 192GB,192.0,qwen25_32b,Qwen2.5-32B,GQA,32.8,65.6,True,256.0,4096,117.71917343139648,117
mi300x_192gb,AMD Instinct MI300X 192GB,192.0,qwen25_32b,Qwen2.5-32B,GQA,32.8,65.6,True,256.0,8192,58.85958671569824,58
mi300x_192gb,AMD Instinct MI300X 192GB,192.0,qwen25_32b,Qwen2.5-32B,GQA,32.8,65.6,True,256.0,16384,29.42979335784912,29
mi300x_192gb,AMD Instinct MI300X 192GB,192.0,qwen25_32b,Qwen2.5-32B,GQA,32.8,65.6,True,256.0,32768,14.71489667892456,14
mi300x_192gb,AMD Instinct MI300X 192GB,192.0,qwen25_32b,Qwen2.5-32B,GQA,32.8,65.6,True,256.0,65536,7.35744833946228,7
mi300x_192gb,AMD Instinct MI300X 192GB,192.0,qwen25_32b,Qwen2.5-32B,GQA,32.8,65.6,True,256.0,115440,4.1768688008922386,4
mi300x_192gb,AMD Instinct MI300X 192GB,192.0,qwen25_32b,Qwen2.5-32B,GQA,32.8,65.6,True,256.0,131072,3.67872416973114,3
mi300x_192gb,AMD Instinct MI300X 192GB,192.0,qwen25_32b,Qwen2.5-32B,GQA,32.8,65.6,True,256.0,200000,2.410888671875,2
mi300x_192gb,AMD Instinct MI300X 192GB,192.0,qwen25_32b,Qwen2.5-32B,GQA,32.8,65.6,True,256.0,262144,1.83936208486557,1
mi300x_192gb,AMD Instinct MI300X 192GB,192.0,qwen3_30b_a3b_moe,Qwen3-30B-A3B (MoE),GQA,30.5,61.0,True,96.0,4096,325.34201939900714,325
mi300x_192gb,AMD Instinct MI300X 192GB,192.0,qwen3_30b_a3b_moe,Qwen3-30B-A3B (MoE),GQA,30.5,61.0,True,96.0,8192,162.67100969950357,162
mi300x_192gb,AMD Instinct MI300X 192GB,192.0,qwen3_30b_a3b_moe,Qwen3-30B-A3B (MoE),GQA,30.5,61.0,True,96.0,16384,81.33550484975179,81
mi300x_192gb,AMD Instinct MI300X 192GB,192.0,qwen3_30b_a3b_moe,Qwen3-30B-A3B (MoE),GQA,30.5,61.0,True,96.0,32768,40.66775242487589,40
mi300x_192gb,AMD Instinct MI300X 192GB,192.0,qwen3_30b_a3b_moe,Qwen3-30B-A3B (MoE),GQA,30.5,61.0,True,96.0,65536,20.333876212437946,20
mi300x_192gb,AMD Instinct MI300X 192GB,192.0,qwen3_30b_a3b_moe,Qwen3-30B-A3B (MoE),GQA,30.5,61.0,True,96.0,115440,11.543666939174752,11
mi300x_192gb,AMD Instinct MI300X 192GB,192.0,qwen3_30b_a3b_moe,Qwen3-30B-A3B (MoE),GQA,30.5,61.0,True,96.0,131072,10.166938106218973,10
mi300x_192gb,AMD Instinct MI300X 192GB,192.0,qwen3_30b_a3b_moe,Qwen3-30B-A3B (MoE),GQA,30.5,61.0,True,96.0,200000,6.663004557291667,6
mi300x_192gb,AMD Instinct MI300X 192GB,192.0,qwen3_30b_a3b_moe,Qwen3-30B-A3B (MoE),GQA,30.5,61.0,True,96.0,262144,5.083469053109487,5
