hw_config,hw_name,hw_usable_gb,hw_usable_fraction,hw_source_confidence,model,model_name,attention,n_kv_heads,quant,kv_dtype,weights_gb,free_for_kv_gb,kv_bytes_per_token,kv_kib_per_token,max_context_tokens,context_floor,feasible_at_context_floor,headroom_ratio
strix_halo,"Strix Halo (Ryzen AI Max+ 395, 128GB unified)",96.0,0.75,published,llama31_8b,Llama-3.1-8B,GQA,8,q4_k_m,fp16,4.8681875,91.1318125,131072.0,128.0,695280.5519104004,115440.0,True,6.022873803797647
strix_halo,"Strix Halo (Ryzen AI Max+ 395, 128GB unified)",96.0,0.75,published,llama31_8b,Llama-3.1-8B,GQA,8,q4_k_m,q8_0,4.8681875,91.1318125,65536.0,64.0,1390561.1038208008,115440.0,True,12.045747607595294
strix_halo,"Strix Halo (Ryzen AI Max+ 395, 128GB unified)",96.0,0.75,published,llama31_8b,Llama-3.1-8B,GQA,8,q8_0,fp16,8.531875,87.468125,131072.0,128.0,667328.8345336914,115440.0,True,5.7807418098899115
strix_halo,"Strix Halo (Ryzen AI Max+ 395, 128GB unified)",96.0,0.75,published,llama31_8b,Llama-3.1-8B,GQA,8,q8_0,q8_0,8.531875,87.468125,65536.0,64.0,1334657.6690673828,115440.0,True,11.561483619779823
strix_halo,"Strix Halo (Ryzen AI Max+ 395, 128GB unified)",96.0,0.75,published,llama31_8b,Llama-3.1-8B,GQA,8,fp16,fp16,16.06,79.94,131072.0,128.0,609893.798828125,115440.0,True,5.283210315558948
strix_halo,"Strix Halo (Ryzen AI Max+ 395, 128GB unified)",96.0,0.75,published,llama31_8b,Llama-3.1-8B,GQA,8,fp16,q8_0,16.06,79.94,65536.0,64.0,1219787.59765625,115440.0,True,10.566420631117897
strix_halo,"Strix Halo (Ryzen AI Max+ 395, 128GB unified)",96.0,0.75,published,llama31_70b,Llama-3.1-70B,GQA,8,q4_k_m,fp16,42.80125,53.19875,327680.0,320.0,162349.70092773438,115440.0,True,1.4063556906421897
strix_halo,"Strix Halo (Ryzen AI Max+ 395, 128GB unified)",96.0,0.75,published,llama31_70b,Llama-3.1-70B,GQA,8,q4_k_m,q8_0,42.80125,53.19875,163840.0,160.0,324699.40185546875,115440.0,True,2.8127113812843794
strix_halo,"Strix Halo (Ryzen AI Max+ 395, 128GB unified)",96.0,0.75,published,llama31_70b,Llama-3.1-70B,GQA,8,q8_0,fp16,75.0125,20.9875,327680.0,320.0,64048.76708984375,115440.0,False,0.5548229997387712
strix_halo,"Strix Halo (Ryzen AI Max+ 395, 128GB unified)",96.0,0.75,published,llama31_70b,Llama-3.1-70B,GQA,8,q8_0,q8_0,75.0125,20.9875,163840.0,160.0,128097.5341796875,115440.0,True,1.1096459994775425
strix_halo,"Strix Halo (Ryzen AI Max+ 395, 128GB unified)",96.0,0.75,published,llama31_70b,Llama-3.1-70B,GQA,8,fp16,fp16,141.2,-45.2,327680.0,320.0,0.0,115440.0,False,0.0
strix_halo,"Strix Halo (Ryzen AI Max+ 395, 128GB unified)",96.0,0.75,published,llama31_70b,Llama-3.1-70B,GQA,8,fp16,q8_0,141.2,-45.2,163840.0,160.0,0.0,115440.0,False,0.0
strix_halo,"Strix Halo (Ryzen AI Max+ 395, 128GB unified)",96.0,0.75,published,llama2_7b_mha,Llama-2-7B (MHA contrast),MHA,32,q4_k_m,fp16,4.086124999999999,91.913875,524288.0,512.0,175311.80381774902,115440.0,True,1.5186400192112701
strix_halo,"Strix Halo (Ryzen AI Max+ 395, 128GB unified)",96.0,0.75,published,llama2_7b_mha,Llama-2-7B (MHA contrast),MHA,32,q4_k_m,q8_0,4.086124999999999,91.913875,262144.0,256.0,350623.60763549805,115440.0,True,3.0372800384225402
strix_halo,"Strix Halo (Ryzen AI Max+ 395, 128GB unified)",96.0,0.75,published,llama2_7b_mha,Llama-2-7B (MHA contrast),MHA,32,q8_0,fp16,7.16125,88.83875,524288.0,512.0,169446.46835327148,115440.0,True,1.4678314999417141
strix_halo,"Strix Halo (Ryzen AI Max+ 395, 128GB unified)",96.0,0.75,published,llama2_7b_mha,Llama-2-7B (MHA contrast),MHA,32,q8_0,q8_0,7.16125,88.83875,262144.0,256.0,338892.93670654297,115440.0,True,2.9356629998834283
strix_halo,"Strix Halo (Ryzen AI Max+ 395, 128GB unified)",96.0,0.75,published,llama2_7b_mha,Llama-2-7B (MHA contrast),MHA,32,fp16,fp16,13.48,82.52,524288.0,512.0,157394.4091796875,115440.0,True,1.363430432949476
strix_halo,"Strix Halo (Ryzen AI Max+ 395, 128GB unified)",96.0,0.75,published,llama2_7b_mha,Llama-2-7B (MHA contrast),MHA,32,fp16,q8_0,13.48,82.52,262144.0,256.0,314788.818359375,115440.0,True,2.726860865898952
strix_halo,"Strix Halo (Ryzen AI Max+ 395, 128GB unified)",96.0,0.75,published,qwen25_32b,Qwen2.5-32B,GQA,8,q4_k_m,fp16,19.885,76.115,262144.0,256.0,290355.6823730469,115440.0,True,2.5152086137651324
strix_halo,"Strix Halo (Ryzen AI Max+ 395, 128GB unified)",96.0,0.75,published,qwen25_32b,Qwen2.5-32B,GQA,8,q4_k_m,q8_0,19.885,76.115,131072.0,128.0,580711.3647460938,115440.0,True,5.030417227530265
strix_halo,"Strix Halo (Ryzen AI Max+ 395, 128GB unified)",96.0,0.75,published,qwen25_32b,Qwen2.5-32B,GQA,8,q8_0,fp16,34.85,61.15,262144.0,256.0,233268.73779296875,115440.0,True,2.0206924618240536
strix_halo,"Strix Halo (Ryzen AI Max+ 395, 128GB unified)",96.0,0.75,published,qwen25_32b,Qwen2.5-32B,GQA,8,q8_0,q8_0,34.85,61.15,131072.0,128.0,466537.4755859375,115440.0,True,4.041384923648107
strix_halo,"Strix Halo (Ryzen AI Max+ 395, 128GB unified)",96.0,0.75,published,qwen25_32b,Qwen2.5-32B,GQA,8,fp16,fp16,65.6,30.4,262144.0,256.0,115966.796875,115440.0,True,1.00456338249307
strix_halo,"Strix Halo (Ryzen AI Max+ 395, 128GB unified)",96.0,0.75,published,qwen25_32b,Qwen2.5-32B,GQA,8,fp16,q8_0,65.6,30.4,131072.0,128.0,231933.59375,115440.0,True,2.00912676498614
strix_halo,"Strix Halo (Ryzen AI Max+ 395, 128GB unified)",96.0,0.75,published,qwen3_30b_a3b_moe,Qwen3-30B-A3B (MoE),GQA,4,q4_k_m,fp16,18.490625,77.509375,98304.0,96.0,788466.1356608073,115440.0,True,6.830094730256473
strix_halo,"Strix Halo (Ryzen AI Max+ 395, 128GB unified)",96.0,0.75,published,qwen3_30b_a3b_moe,Qwen3-30B-A3B (MoE),GQA,4,q4_k_m,q8_0,18.490625,77.509375,49152.0,48.0,1576932.2713216145,115440.0,True,13.660189460512946
strix_halo,"Strix Halo (Ryzen AI Max+ 395, 128GB unified)",96.0,0.75,published,qwen3_30b_a3b_moe,Qwen3-30B-A3B (MoE),GQA,4,q8_0,fp16,32.40625,63.59375,98304.0,96.0,646909.0779622396,115440.0,True,5.603855491703392
strix_halo,"Strix Halo (Ryzen AI Max+ 395, 128GB unified)",96.0,0.75,published,qwen3_30b_a3b_moe,Qwen3-30B-A3B (MoE),GQA,4,q8_0,q8_0,32.40625,63.59375,49152.0,48.0,1293818.1559244792,115440.0,True,11.207710983406784
strix_halo,"Strix Halo (Ryzen AI Max+ 395, 128GB unified)",96.0,0.75,published,qwen3_30b_a3b_moe,Qwen3-30B-A3B (MoE),GQA,4,fp16,fp16,61.0,35.0,98304.0,96.0,356038.4114583333,115440.0,True,3.0841858234436357
strix_halo,"Strix Halo (Ryzen AI Max+ 395, 128GB unified)",96.0,0.75,published,qwen3_30b_a3b_moe,Qwen3-30B-A3B (MoE),GQA,4,fp16,q8_0,61.0,35.0,49152.0,48.0,712076.8229166666,115440.0,True,6.168371646887271
apple_m_series,Apple M4 Max 128GB unified,96.0,0.75,estimated,llama31_8b,Llama-3.1-8B,GQA,8,q4_k_m,fp16,4.8681875,91.1318125,131072.0,128.0,695280.5519104004,115440.0,True,6.022873803797647
apple_m_series,Apple M4 Max 128GB unified,96.0,0.75,estimated,llama31_8b,Llama-3.1-8B,GQA,8,q4_k_m,q8_0,4.8681875,91.1318125,65536.0,64.0,1390561.1038208008,115440.0,True,12.045747607595294
apple_m_series,Apple M4 Max 128GB unified,96.0,0.75,estimated,llama31_8b,Llama-3.1-8B,GQA,8,q8_0,fp16,8.531875,87.468125,131072.0,128.0,667328.8345336914,115440.0,True,5.7807418098899115
apple_m_series,Apple M4 Max 128GB unified,96.0,0.75,estimated,llama31_8b,Llama-3.1-8B,GQA,8,q8_0,q8_0,8.531875,87.468125,65536.0,64.0,1334657.6690673828,115440.0,True,11.561483619779823
apple_m_series,Apple M4 Max 128GB unified,96.0,0.75,estimated,llama31_8b,Llama-3.1-8B,GQA,8,fp16,fp16,16.06,79.94,131072.0,128.0,609893.798828125,115440.0,True,5.283210315558948
apple_m_series,Apple M4 Max 128GB unified,96.0,0.75,estimated,llama31_8b,Llama-3.1-8B,GQA,8,fp16,q8_0,16.06,79.94,65536.0,64.0,1219787.59765625,115440.0,True,10.566420631117897
apple_m_series,Apple M4 Max 128GB unified,96.0,0.75,estimated,llama31_70b,Llama-3.1-70B,GQA,8,q4_k_m,fp16,42.80125,53.19875,327680.0,320.0,162349.70092773438,115440.0,True,1.4063556906421897
apple_m_series,Apple M4 Max 128GB unified,96.0,0.75,estimated,llama31_70b,Llama-3.1-70B,GQA,8,q4_k_m,q8_0,42.80125,53.19875,163840.0,160.0,324699.40185546875,115440.0,True,2.8127113812843794
apple_m_series,Apple M4 Max 128GB unified,96.0,0.75,estimated,llama31_70b,Llama-3.1-70B,GQA,8,q8_0,fp16,75.0125,20.9875,327680.0,320.0,64048.76708984375,115440.0,False,0.5548229997387712
apple_m_series,Apple M4 Max 128GB unified,96.0,0.75,estimated,llama31_70b,Llama-3.1-70B,GQA,8,q8_0,q8_0,75.0125,20.9875,163840.0,160.0,128097.5341796875,115440.0,True,1.1096459994775425
apple_m_series,Apple M4 Max 128GB unified,96.0,0.75,estimated,llama31_70b,Llama-3.1-70B,GQA,8,fp16,fp16,141.2,-45.2,327680.0,320.0,0.0,115440.0,False,0.0
apple_m_series,Apple M4 Max 128GB unified,96.0,0.75,estimated,llama31_70b,Llama-3.1-70B,GQA,8,fp16,q8_0,141.2,-45.2,163840.0,160.0,0.0,115440.0,False,0.0
apple_m_series,Apple M4 Max 128GB unified,96.0,0.75,estimated,llama2_7b_mha,Llama-2-7B (MHA contrast),MHA,32,q4_k_m,fp16,4.086124999999999,91.913875,524288.0,512.0,175311.80381774902,115440.0,True,1.5186400192112701
apple_m_series,Apple M4 Max 128GB unified,96.0,0.75,estimated,llama2_7b_mha,Llama-2-7B (MHA contrast),MHA,32,q4_k_m,q8_0,4.086124999999999,91.913875,262144.0,256.0,350623.60763549805,115440.0,True,3.0372800384225402
apple_m_series,Apple M4 Max 128GB unified,96.0,0.75,estimated,llama2_7b_mha,Llama-2-7B (MHA contrast),MHA,32,q8_0,fp16,7.16125,88.83875,524288.0,512.0,169446.46835327148,115440.0,True,1.4678314999417141
apple_m_series,Apple M4 Max 128GB unified,96.0,0.75,estimated,llama2_7b_mha,Llama-2-7B (MHA contrast),MHA,32,q8_0,q8_0,7.16125,88.83875,262144.0,256.0,338892.93670654297,115440.0,True,2.9356629998834283
apple_m_series,Apple M4 Max 128GB unified,96.0,0.75,estimated,llama2_7b_mha,Llama-2-7B (MHA contrast),MHA,32,fp16,fp16,13.48,82.52,524288.0,512.0,157394.4091796875,115440.0,True,1.363430432949476
apple_m_series,Apple M4 Max 128GB unified,96.0,0.75,estimated,llama2_7b_mha,Llama-2-7B (MHA contrast),MHA,32,fp16,q8_0,13.48,82.52,262144.0,256.0,314788.818359375,115440.0,True,2.726860865898952
apple_m_series,Apple M4 Max 128GB unified,96.0,0.75,estimated,qwen25_32b,Qwen2.5-32B,GQA,8,q4_k_m,fp16,19.885,76.115,262144.0,256.0,290355.6823730469,115440.0,True,2.5152086137651324
apple_m_series,Apple M4 Max 128GB unified,96.0,0.75,estimated,qwen25_32b,Qwen2.5-32B,GQA,8,q4_k_m,q8_0,19.885,76.115,131072.0,128.0,580711.3647460938,115440.0,True,5.030417227530265
apple_m_series,Apple M4 Max 128GB unified,96.0,0.75,estimated,qwen25_32b,Qwen2.5-32B,GQA,8,q8_0,fp16,34.85,61.15,262144.0,256.0,233268.73779296875,115440.0,True,2.0206924618240536
apple_m_series,Apple M4 Max 128GB unified,96.0,0.75,estimated,qwen25_32b,Qwen2.5-32B,GQA,8,q8_0,q8_0,34.85,61.15,131072.0,128.0,466537.4755859375,115440.0,True,4.041384923648107
apple_m_series,Apple M4 Max 128GB unified,96.0,0.75,estimated,qwen25_32b,Qwen2.5-32B,GQA,8,fp16,fp16,65.6,30.4,262144.0,256.0,115966.796875,115440.0,True,1.00456338249307
apple_m_series,Apple M4 Max 128GB unified,96.0,0.75,estimated,qwen25_32b,Qwen2.5-32B,GQA,8,fp16,q8_0,65.6,30.4,131072.0,128.0,231933.59375,115440.0,True,2.00912676498614
apple_m_series,Apple M4 Max 128GB unified,96.0,0.75,estimated,qwen3_30b_a3b_moe,Qwen3-30B-A3B (MoE),GQA,4,q4_k_m,fp16,18.490625,77.509375,98304.0,96.0,788466.1356608073,115440.0,True,6.830094730256473
apple_m_series,Apple M4 Max 128GB unified,96.0,0.75,estimated,qwen3_30b_a3b_moe,Qwen3-30B-A3B (MoE),GQA,4,q4_k_m,q8_0,18.490625,77.509375,49152.0,48.0,1576932.2713216145,115440.0,True,13.660189460512946
apple_m_series,Apple M4 Max 128GB unified,96.0,0.75,estimated,qwen3_30b_a3b_moe,Qwen3-30B-A3B (MoE),GQA,4,q8_0,fp16,32.40625,63.59375,98304.0,96.0,646909.0779622396,115440.0,True,5.603855491703392
apple_m_series,Apple M4 Max 128GB unified,96.0,0.75,estimated,qwen3_30b_a3b_moe,Qwen3-30B-A3B (MoE),GQA,4,q8_0,q8_0,32.40625,63.59375,49152.0,48.0,1293818.1559244792,115440.0,True,11.207710983406784
apple_m_series,Apple M4 Max 128GB unified,96.0,0.75,estimated,qwen3_30b_a3b_moe,Qwen3-30B-A3B (MoE),GQA,4,fp16,fp16,61.0,35.0,98304.0,96.0,356038.4114583333,115440.0,True,3.0841858234436357
apple_m_series,Apple M4 Max 128GB unified,96.0,0.75,estimated,qwen3_30b_a3b_moe,Qwen3-30B-A3B (MoE),GQA,4,fp16,q8_0,61.0,35.0,49152.0,48.0,712076.8229166666,115440.0,True,6.168371646887271
discrete_gpu_rtx5090,RTX 5090 32GB GDDR7,29.44,0.92,estimated,llama31_8b,Llama-3.1-8B,GQA,8,q4_k_m,fp16,4.8681875,24.5718125,131072.0,128.0,187468.0519104004,115440.0,True,1.623943623617467
discrete_gpu_rtx5090,RTX 5090 32GB GDDR7,29.44,0.92,estimated,llama31_8b,Llama-3.1-8B,GQA,8,q4_k_m,q8_0,4.8681875,24.5718125,65536.0,64.0,374936.1038208008,115440.0,True,3.247887247234934
discrete_gpu_rtx5090,RTX 5090 32GB GDDR7,29.44,0.92,estimated,llama31_8b,Llama-3.1-8B,GQA,8,q8_0,fp16,8.531875,20.908125,131072.0,128.0,159516.3345336914,115440.0,True,1.3818116297097316
discrete_gpu_rtx5090,RTX 5090 32GB GDDR7,29.44,0.92,estimated,llama31_8b,Llama-3.1-8B,GQA,8,q8_0,q8_0,8.531875,20.908125,65536.0,64.0,319032.6690673828,115440.0,True,2.763623259419463
discrete_gpu_rtx5090,RTX 5090 32GB GDDR7,29.44,0.92,estimated,llama31_8b,Llama-3.1-8B,GQA,8,fp16,fp16,16.06,13.38,131072.0,128.0,102081.298828125,115440.0,False,0.8842801353787682
discrete_gpu_rtx5090,RTX 5090 32GB GDDR7,29.44,0.92,estimated,llama31_8b,Llama-3.1-8B,GQA,8,fp16,q8_0,16.06,13.38,65536.0,64.0,204162.59765625,115440.0,True,1.7685602707575363
discrete_gpu_rtx5090,RTX 5090 32GB GDDR7,29.44,0.92,estimated,llama31_70b,Llama-3.1-70B,GQA,8,q4_k_m,fp16,42.80125,-13.36125,327680.0,320.0,0.0,115440.0,False,0.0
discrete_gpu_rtx5090,RTX 5090 32GB GDDR7,29.44,0.92,estimated,llama31_70b,Llama-3.1-70B,GQA,8,q4_k_m,q8_0,42.80125,-13.36125,163840.0,160.0,0.0,115440.0,False,0.0
discrete_gpu_rtx5090,RTX 5090 32GB GDDR7,29.44,0.92,estimated,llama31_70b,Llama-3.1-70B,GQA,8,q8_0,fp16,75.0125,-45.5725,327680.0,320.0,0.0,115440.0,False,0.0
discrete_gpu_rtx5090,RTX 5090 32GB GDDR7,29.44,0.92,estimated,llama31_70b,Llama-3.1-70B,GQA,8,q8_0,q8_0,75.0125,-45.5725,163840.0,160.0,0.0,115440.0,False,0.0
discrete_gpu_rtx5090,RTX 5090 32GB GDDR7,29.44,0.92,estimated,llama31_70b,Llama-3.1-70B,GQA,8,fp16,fp16,141.2,-111.76,327680.0,320.0,0.0,115440.0,False,0.0
discrete_gpu_rtx5090,RTX 5090 32GB GDDR7,29.44,0.92,estimated,llama31_70b,Llama-3.1-70B,GQA,8,fp16,q8_0,141.2,-111.76,163840.0,160.0,0.0,115440.0,False,0.0
discrete_gpu_rtx5090,RTX 5090 32GB GDDR7,29.44,0.92,estimated,llama2_7b_mha,Llama-2-7B (MHA contrast),MHA,32,q4_k_m,fp16,4.086124999999999,25.353875,524288.0,512.0,48358.67881774902,115440.0,False,0.4189074741662251
discrete_gpu_rtx5090,RTX 5090 32GB GDDR7,29.44,0.92,estimated,llama2_7b_mha,Llama-2-7B (MHA contrast),MHA,32,q4_k_m,q8_0,4.086124999999999,25.353875,262144.0,256.0,96717.35763549805,115440.0,False,0.8378149483324502
discrete_gpu_rtx5090,RTX 5090 32GB GDDR7,29.44,0.92,estimated,llama2_7b_mha,Llama-2-7B (MHA contrast),MHA,32,q8_0,fp16,7.16125,22.27875,524288.0,512.0,42493.343353271484,115440.0,False,0.3680989548966691
discrete_gpu_rtx5090,RTX 5090 32GB GDDR7,29.44,0.92,estimated,llama2_7b_mha,Llama-2-7B (MHA contrast),MHA,32,q8_0,q8_0,7.16125,22.27875,262144.0,256.0,84986.68670654297,115440.0,False,0.7361979097933382
discrete_gpu_rtx5090,RTX 5090 32GB GDDR7,29.44,0.92,estimated,llama2_7b_mha,Llama-2-7B (MHA contrast),MHA,32,fp16,fp16,13.48,15.96,524288.0,512.0,30441.2841796875,115440.0,False,0.2636978879044309
discrete_gpu_rtx5090,RTX 5090 32GB GDDR7,29.44,0.92,estimated,llama2_7b_mha,Llama-2-7B (MHA contrast),MHA,32,fp16,q8_0,13.48,15.96,262144.0,256.0,60882.568359375,115440.0,False,0.5273957758088618
discrete_gpu_rtx5090,RTX 5090 32GB GDDR7,29.44,0.92,estimated,qwen25_32b,Qwen2.5-32B,GQA,8,q4_k_m,fp16,19.885,9.555,262144.0,256.0,36449.432373046875,115440.0,False,0.3157435236750422
discrete_gpu_rtx5090,RTX 5090 32GB GDDR7,29.44,0.92,estimated,qwen25_32b,Qwen2.5-32B,GQA,8,q4_k_m,q8_0,19.885,9.555,131072.0,128.0,72898.86474609375,115440.0,False,0.6314870473500844
discrete_gpu_rtx5090,RTX 5090 32GB GDDR7,29.44,0.92,estimated,qwen25_32b,Qwen2.5-32B,GQA,8,q8_0,fp16,34.85,-5.41,262144.0,256.0,0.0,115440.0,False,0.0
discrete_gpu_rtx5090,RTX 5090 32GB GDDR7,29.44,0.92,estimated,qwen25_32b,Qwen2.5-32B,GQA,8,q8_0,q8_0,34.85,-5.41,131072.0,128.0,0.0,115440.0,False,0.0
discrete_gpu_rtx5090,RTX 5090 32GB GDDR7,29.44,0.92,estimated,qwen25_32b,Qwen2.5-32B,GQA,8,fp16,fp16,65.6,-36.16,262144.0,256.0,0.0,115440.0,False,0.0
discrete_gpu_rtx5090,RTX 5090 32GB GDDR7,29.44,0.92,estimated,qwen25_32b,Qwen2.5-32B,GQA,8,fp16,q8_0,65.6,-36.16,131072.0,128.0,0.0,115440.0,False,0.0
discrete_gpu_rtx5090,RTX 5090 32GB GDDR7,29.44,0.92,estimated,qwen3_30b_a3b_moe,Qwen3-30B-A3B (MoE),GQA,4,q4_k_m,fp16,18.490625,10.949375,98304.0,96.0,111382.80232747395,115440.0,False,0.9648544900162331
discrete_gpu_rtx5090,RTX 5090 32GB GDDR7,29.44,0.92,estimated,qwen3_30b_a3b_moe,Qwen3-30B-A3B (MoE),GQA,4,q4_k_m,q8_0,18.490625,10.949375,49152.0,48.0,222765.6046549479,115440.0,True,1.9297089800324663
discrete_gpu_rtx5090,RTX 5090 32GB GDDR7,29.44,0.92,estimated,qwen3_30b_a3b_moe,Qwen3-30B-A3B (MoE),GQA,4,q8_0,fp16,32.40625,-2.96625,98304.0,96.0,0.0,115440.0,False,0.0
discrete_gpu_rtx5090,RTX 5090 32GB GDDR7,29.44,0.92,estimated,qwen3_30b_a3b_moe,Qwen3-30B-A3B (MoE),GQA,4,q8_0,q8_0,32.40625,-2.96625,49152.0,48.0,0.0,115440.0,False,0.0
discrete_gpu_rtx5090,RTX 5090 32GB GDDR7,29.44,0.92,estimated,qwen3_30b_a3b_moe,Qwen3-30B-A3B (MoE),GQA,4,fp16,fp16,61.0,-31.56,98304.0,96.0,0.0,115440.0,False,0.0
discrete_gpu_rtx5090,RTX 5090 32GB GDDR7,29.44,0.92,estimated,qwen3_30b_a3b_moe,Qwen3-30B-A3B (MoE),GQA,4,fp16,q8_0,61.0,-31.56,49152.0,48.0,0.0,115440.0,False,0.0
discrete_gpu_rtx4090,RTX 4090 24GB GDDR6X,22.08,0.92,estimated,llama31_8b,Llama-3.1-8B,GQA,8,q4_k_m,fp16,4.8681875,17.2118125,131072.0,128.0,131315.7081604004,115440.0,True,1.1375234594629278
discrete_gpu_rtx4090,RTX 4090 24GB GDDR6X,22.08,0.92,estimated,llama31_8b,Llama-3.1-8B,GQA,8,q4_k_m,q8_0,4.8681875,17.2118125,65536.0,64.0,262631.4163208008,115440.0,True,2.2750469189258555
discrete_gpu_rtx4090,RTX 4090 24GB GDDR6X,22.08,0.92,estimated,llama31_8b,Llama-3.1-8B,GQA,8,q8_0,fp16,8.531875,13.548125,131072.0,128.0,103363.9907836914,115440.0,False,0.8953914655551923
discrete_gpu_rtx4090,RTX 4090 24GB GDDR6X,22.08,0.92,estimated,llama31_8b,Llama-3.1-8B,GQA,8,q8_0,q8_0,8.531875,13.548125,65536.0,64.0,206727.9815673828,115440.0,True,1.7907829311103847
discrete_gpu_rtx4090,RTX 4090 24GB GDDR6X,22.08,0.92,estimated,llama31_8b,Llama-3.1-8B,GQA,8,fp16,fp16,16.06,6.02,131072.0,128.0,45928.955078125,115440.0,False,0.39785997122422906
discrete_gpu_rtx4090,RTX 4090 24GB GDDR6X,22.08,0.92,estimated,llama31_8b,Llama-3.1-8B,GQA,8,fp16,q8_0,16.06,6.02,65536.0,64.0,91857.91015625,115440.0,False,0.7957199424484581
discrete_gpu_rtx4090,RTX 4090 24GB GDDR6X,22.08,0.92,estimated,llama31_70b,Llama-3.1-70B,GQA,8,q4_k_m,fp16,42.80125,-20.72125,327680.0,320.0,0.0,115440.0,False,0.0
discrete_gpu_rtx4090,RTX 4090 24GB GDDR6X,22.08,0.92,estimated,llama31_70b,Llama-3.1-70B,GQA,8,q4_k_m,q8_0,42.80125,-20.72125,163840.0,160.0,0.0,115440.0,False,0.0
discrete_gpu_rtx4090,RTX 4090 24GB GDDR6X,22.08,0.92,estimated,llama31_70b,Llama-3.1-70B,GQA,8,q8_0,fp16,75.0125,-52.9325,327680.0,320.0,0.0,115440.0,False,0.0
discrete_gpu_rtx4090,RTX 4090 24GB GDDR6X,22.08,0.92,estimated,llama31_70b,Llama-3.1-70B,GQA,8,q8_0,q8_0,75.0125,-52.9325,163840.0,160.0,0.0,115440.0,False,0.0
discrete_gpu_rtx4090,RTX 4090 24GB GDDR6X,22.08,0.92,estimated,llama31_70b,Llama-3.1-70B,GQA,8,fp16,fp16,141.2,-119.12,327680.0,320.0,0.0,115440.0,False,0.0
discrete_gpu_rtx4090,RTX 4090 24GB GDDR6X,22.08,0.92,estimated,llama31_70b,Llama-3.1-70B,GQA,8,fp16,q8_0,141.2,-119.12,163840.0,160.0,0.0,115440.0,False,0.0
discrete_gpu_rtx4090,RTX 4090 24GB GDDR6X,22.08,0.92,estimated,llama2_7b_mha,Llama-2-7B (MHA contrast),MHA,32,q4_k_m,fp16,4.086124999999999,17.993875,524288.0,512.0,34320.59288024902,115440.0,False,0.2973024331275903
discrete_gpu_rtx4090,RTX 4090 24GB GDDR6X,22.08,0.92,estimated,llama2_7b_mha,Llama-2-7B (MHA contrast),MHA,32,q4_k_m,q8_0,4.086124999999999,17.993875,262144.0,256.0,68641.18576049805,115440.0,False,0.5946048662551806
discrete_gpu_rtx4090,RTX 4090 24GB GDDR6X,22.08,0.92,estimated,llama2_7b_mha,Llama-2-7B (MHA contrast),MHA,32,q8_0,fp16,7.16125,14.91875,524288.0,512.0,28455.257415771484,115440.0,False,0.24649391385803435
discrete_gpu_rtx4090,RTX 4090 24GB GDDR6X,22.08,0.92,estimated,llama2_7b_mha,Llama-2-7B (MHA contrast),MHA,32,q8_0,q8_0,7.16125,14.91875,262144.0,256.0,56910.51483154297,115440.0,False,0.4929878277160687
discrete_gpu_rtx4090,RTX 4090 24GB GDDR6X,22.08,0.92,estimated,llama2_7b_mha,Llama-2-7B (MHA contrast),MHA,32,fp16,fp16,13.48,8.6,524288.0,512.0,16403.1982421875,115440.0,False,0.1420928468657961
discrete_gpu_rtx4090,RTX 4090 24GB GDDR6X,22.08,0.92,estimated,llama2_7b_mha,Llama-2-7B (MHA contrast),MHA,32,fp16,q8_0,13.48,8.6,262144.0,256.0,32806.396484375,115440.0,False,0.2841856937315922
discrete_gpu_rtx4090,RTX 4090 24GB GDDR6X,22.08,0.92,estimated,qwen25_32b,Qwen2.5-32B,GQA,8,q4_k_m,fp16,19.885,2.195,262144.0,256.0,8373.260498046875,115440.0,False,0.07253344159777265
discrete_gpu_rtx4090,RTX 4090 24GB GDDR6X,22.08,0.92,estimated,qwen25_32b,Qwen2.5-32B,GQA,8,q4_k_m,q8_0,19.885,2.195,131072.0,128.0,16746.52099609375,115440.0,False,0.1450668831955453
discrete_gpu_rtx4090,RTX 4090 24GB GDDR6X,22.08,0.92,estimated,qwen25_32b,Qwen2.5-32B,GQA,8,q8_0,fp16,34.85,-12.77,262144.0,256.0,0.0,115440.0,False,0.0
discrete_gpu_rtx4090,RTX 4090 24GB GDDR6X,22.08,0.92,estimated,qwen25_32b,Qwen2.5-32B,GQA,8,q8_0,q8_0,34.85,-12.77,131072.0,128.0,0.0,115440.0,False,0.0
discrete_gpu_rtx4090,RTX 4090 24GB GDDR6X,22.08,0.92,estimated,qwen25_32b,Qwen2.5-32B,GQA,8,fp16,fp16,65.6,-43.52,262144.0,256.0,0.0,115440.0,False,0.0
discrete_gpu_rtx4090,RTX 4090 24GB GDDR6X,22.08,0.92,estimated,qwen25_32b,Qwen2.5-32B,GQA,8,fp16,q8_0,65.6,-43.52,131072.0,128.0,0.0,115440.0,False,0.0
discrete_gpu_rtx4090,RTX 4090 24GB GDDR6X,22.08,0.92,estimated,qwen3_30b_a3b_moe,Qwen3-30B-A3B (MoE),GQA,4,q4_k_m,fp16,18.490625,3.589375,98304.0,96.0,36513.01066080729,115440.0,False,0.31629427114351427
discrete_gpu_rtx4090,RTX 4090 24GB GDDR6X,22.08,0.92,estimated,qwen3_30b_a3b_moe,Qwen3-30B-A3B (MoE),GQA,4,q4_k_m,q8_0,18.490625,3.589375,49152.0,48.0,73026.02132161458,115440.0,False,0.6325885422870285
discrete_gpu_rtx4090,RTX 4090 24GB GDDR6X,22.08,0.92,estimated,qwen3_30b_a3b_moe,Qwen3-30B-A3B (MoE),GQA,4,q8_0,fp16,32.40625,-10.32625,98304.0,96.0,0.0,115440.0,False,0.0
discrete_gpu_rtx4090,RTX 4090 24GB GDDR6X,22.08,0.92,estimated,qwen3_30b_a3b_moe,Qwen3-30B-A3B (MoE),GQA,4,q8_0,q8_0,32.40625,-10.32625,49152.0,48.0,0.0,115440.0,False,0.0
discrete_gpu_rtx4090,RTX 4090 24GB GDDR6X,22.08,0.92,estimated,qwen3_30b_a3b_moe,Qwen3-30B-A3B (MoE),GQA,4,fp16,fp16,61.0,-38.92,98304.0,96.0,0.0,115440.0,False,0.0
discrete_gpu_rtx4090,RTX 4090 24GB GDDR6X,22.08,0.92,estimated,qwen3_30b_a3b_moe,Qwen3-30B-A3B (MoE),GQA,4,fp16,q8_0,61.0,-38.92,49152.0,48.0,0.0,115440.0,False,0.0
