kv_persistence,hw_config,longctx_bound,prefill_tokens,pp512_tok_per_sec,T2_usd,marginal_flip_rate_tok_per_sec,marginal_flip_status,marginal_verdict,rate_where_u_star_hits_1.0,rate_where_u_star_hits_capped_anchor,capped_anchor_utilization,amortized_verdict_36mo,rate_optimistic_flat,ratio_optimistic_flat,u_star_optimistic_flat,u_status_optimistic_flat,sec_optimistic_flat,marginal_usd_optimistic_flat,margin_over_flip_optimistic_flat,rate_linear_attention_theoretic,ratio_linear_attention_theoretic,u_star_linear_attention_theoretic,u_status_linear_attention_theoretic,sec_linear_attention_theoretic,marginal_usd_linear_attention_theoretic,margin_over_flip_linear_attention_theoretic,rate_quadratic_pessimistic,ratio_quadratic_pessimistic,u_star_quadratic_pessimistic,u_status_quadratic_pessimistic,sec_quadratic_pessimistic,marginal_usd_quadratic_pessimistic,margin_over_flip_quadratic_pessimistic
persists,strix_halo,below_threshold,1780.0,1000.0,0.03992171875,0.27425946472883156,threshold,ROBUST,1.315395018861369,7.571505550786893,0.145,ROBUST_amortized_under_capped_anchor,1000.0,1.0,0.003750366260614385,threshold,6.432173913043479,3.953642898550725e-05,3646.1822784811807,213.21002644460864,0.21321002644460865,0.007587944986718108,threshold,13.000749398364,7.991127296861072e-05,777.4026200168358,34.53078611569213,0.03453078611569213,0.03302167905105859,threshold,56.20037771113479,0.0003454449883311085,125.90554039706065
persists,strix_halo,above_threshold,1780.0,1000.0,0.07823843750000001,0.1398937316278677,threshold,ROBUST,0.6700614856185138,3.82633201716758,0.145,ROBUST_amortized_under_capped_anchor,1000.0,1.0,0.001912722415888853,threshold,6.432173913043479,3.953642898550725e-05,7148.283117217196,213.21002644460864,0.21321002644460865,0.0038680033759716775,threshold,13.000749398364,7.991127296861072e-05,1524.085632455428,34.53078611569213,0.03453078611569213,0.016777825168276632,threshold,56.20037771113479,0.0003454449883311085,246.83583541504004
persists,apple_m_series,below_threshold,1780.0,886.0,0.03992171875,0.18275704468397974,threshold,ROBUST,2.5485029930941416,16.834626159798532,0.145,ROBUST_amortized_under_capped_anchor,886.0,1.0,0.006075732322885249,threshold,4.587342598384509,1.879791055871341e-05,4847.966334387031,188.90408342992328,0.21321002644460865,0.01590701643882374,threshold,12.001084681139048,4.9177778115600904e-05,1033.6350303572312,30.594276498503227,0.03453078611569213,0.08093967941388908,threshold,60.759130180880355,0.00024897741345231866,167.40408858879454
persists,apple_m_series,above_threshold,1780.0,886.0,0.07823843750000001,0.0932409925569931,threshold,ROBUST,1.2980450573710804,8.48861421855625,0.145,ROBUST_amortized_under_capped_anchor,886.0,1.0,0.003099470506310684,threshold,4.587342598384509,1.879791055871341e-05,9502.258349067197,188.90408342992328,0.21321002644460865,0.00811176838038175,threshold,12.001084681139048,4.9177778115600904e-05,2025.9767538881204,30.594276498503227,0.03453078611569213,0.0411734991072748,threshold,60.759130180880355,0.00024897741345231866,328.12045066768917
persists,discrete_gpu_rtx5090,below_threshold,1780.0,8452.830188679245,0.03992171875,1.3258241104589943,threshold,ROBUST,2.838177723813223,11.818994654628394,0.145,ROBUST_amortized_under_capped_anchor,8452.830188679245,1.0,0.0011982816151232078,threshold,1.412827548154093,4.1973536647271264e-05,6375.529093186361,1802.2281480600882,0.21321002644460865,0.0018584384646678099,threshold,2.189913487265673,6.505989646945507e-05,1359.3267265566358,291.88287131754856,0.03453078611569213,0.006219226937014507,threshold,7.300583801053289,0.0002168922329695143,220.15203149119083
persists,discrete_gpu_rtx5090,above_threshold,1780.0,8452.830188679245,0.07823843750000001,0.6762146147049614,threshold,ROBUST,1.4468420322067865,6.007240640577062,0.145,ROBUST_amortized_under_capped_anchor,8452.830188679245,1.0,0.0006111167063430653,threshold,1.412827548154093,4.1973536647271264e-05,12500.218133213953,1802.2281480600882,0.21321002644460865,0.0009475239545386959,threshold,2.189913487265673,6.505989646945507e-05,2665.1718387459237,291.88287131754856,0.03453078611569213,0.00316493765611882,threshold,7.300583801053289,0.0002168922329695143,431.6423587575074
recomputes,strix_halo,below_threshold,115440.0,1000.0,0.03992171875,17.786804836121526,threshold,ROBUST,85.3085399288873,491.04191050082636,0.145,FRAGILE_amortized,1000.0,1.0,0.07126982973132454,threshold,120.09217391304348,0.0007381665623188406,56.22145231892326,213.21002644460864,0.21321002644460865,0.3472902238482958,threshold,546.0901256127071,0.00335663397209944,11.986977335671932,34.53078611569213,0.03453078611569213,4.024373677645371,requires_impossible_utilization,3347.7559078746513,0.020577539647069525,1.9413709451383223
recomputes,strix_halo,above_threshold,115440.0,1000.0,0.07823843750000001,9.072658639955645,threshold,ROBUST,43.45612241107606,248.15267866047844,0.145,FRAGILE_amortized,1000.0,1.0,0.03603348812715855,threshold,120.09217391304348,0.0007381665623188406,110.22127467642594,213.21002644460864,0.21321002644460865,0.16958320819312975,threshold,546.0901256127071,0.00335663397209944,23.500280888519246,34.53078611569213,0.03453078611569213,1.350103936918398,requires_impossible_utilization,3347.7559078746513,0.020577539647069525,3.806027261250617
recomputes,apple_m_series,below_threshold,115440.0,886.0,0.03992171875,11.85251305523518,threshold,ROBUST,165.28044128765953,1091.7917107396468,0.145,FRAGILE_amortized,886.0,1.0,0.17833212431618337,threshold,132.87176697761703,0.0005444789740149462,74.75207965357687,188.90408342992328,0.21321002644460865,0.8670275150546368,threshold,613.6820962097429,0.002514732856468369,15.937892879728619,30.594276498503227,0.03453078611569213,8.161883429776568,requires_impossible_utilization,3775.833091990718,0.01547252493695752,2.5812480742208446
recomputes,apple_m_series,above_threshold,115440.0,886.0,0.07823843750000001,6.04704504538162,threshold,ROBUST,84.18332663328852,550.5200142065721,0.145,FRAGILE_amortized,886.0,1.0,0.09038317717600289,threshold,132.87176697761703,0.0005444789740149462,146.51784356669793,188.90408342992328,0.21321002644460865,0.42830559040435195,threshold,613.6820962097429,0.002514732856468369,31.239073301462703,30.594276498503227,0.03453078611569213,3.17929687796121,requires_impossible_utilization,3775.833091990718,0.01547252493695752,5.059376318334085
recomputes,discrete_gpu_rtx5090,below_threshold,115440.0,8452.830188679245,0.03992171875,85.98490747830691,threshold,ROBUST,184.06698674311758,766.5082824649874,0.145,FRAGILE_amortized_exceeds_capped_anchor,8452.830188679245,1.0,0.012730275054284168,threshold,14.859211476725523,0.00044145066273854115,98.30597527608907,1802.2281480600882,0.21321002644460865,0.05811054240904757,threshold,65.25629058405178,0.001938691886262641,20.959819588277995,291.88287131754856,0.03453078611569213,0.47689640951246115,threshold,396.70335857486214,0.011785616001749625,3.39458260615315
recomputes,discrete_gpu_rtx5090,above_threshold,115440.0,8452.830188679245,0.07823843750000001,43.85517703457345,threshold,ROBUST,93.83339560701789,389.5931794807442,0.145,FRAGILE_amortized_exceeds_capped_anchor,8452.830188679245,1.0,0.006460335964155804,threshold,14.859211476725523,0.00044145066273854115,192.74418119474043,1802.2281480600882,0.21321002644460865,0.028928199899421497,threshold,65.25629058405178,0.001938691886262641,41.09499196957505,291.88287131754856,0.03453078611569213,0.20191778280877923,threshold,396.70335857486214,0.011785616001749625,6.655608095879791
