kv_persistence,hw_config,longctx_bound,interpolation_family,interpolation_note,T2_usd,T1_usd_marginal,headroom_usd,u_star_at_lifetime_36mo,status_36mo,u_star_at_lifetime_24mo,status_24mo,u_star_at_lifetime_60mo,status_60mo,reason,anchor_util_uncapped,anchor_util_capped_1h,statement
persists,strix_halo,below_threshold,log_normal,"Phase 1 is per-turn; steps-per-request quantile interpolation does not enter. log_normal and empirical_step rows are identical by construction. If they remain identical after Phase 3 trajectory sampling, the choice stops mattering for the headline.",0.03992171875,3.953642898550725e-05,0.039882182321014495,0.003750366260614385,threshold,0.005625549390921577,threshold,0.002250219756368631,threshold,,0.033,0.145,"Local (strix_halo, persists, below_threshold) wins only if the box is doing useful inference work at least 0.4% of its service life (at 36.0 months lifetime)."
persists,strix_halo,below_threshold,empirical_step,"Phase 1 is per-turn; steps-per-request quantile interpolation does not enter. log_normal and empirical_step rows are identical by construction. If they remain identical after Phase 3 trajectory sampling, the choice stops mattering for the headline.",0.03992171875,3.953642898550725e-05,0.039882182321014495,0.003750366260614385,threshold,0.005625549390921577,threshold,0.002250219756368631,threshold,,0.033,0.145,"Local (strix_halo, persists, below_threshold) wins only if the box is doing useful inference work at least 0.4% of its service life (at 36.0 months lifetime)."
persists,strix_halo,above_threshold,log_normal,"Phase 1 is per-turn; steps-per-request quantile interpolation does not enter. log_normal and empirical_step rows are identical by construction. If they remain identical after Phase 3 trajectory sampling, the choice stops mattering for the headline.",0.07823843750000001,3.953642898550725e-05,0.0781989010710145,0.001912722415888853,threshold,0.0028690836238332794,threshold,0.0011476334495333115,threshold,,0.033,0.145,"Local (strix_halo, persists, above_threshold) wins only if the box is doing useful inference work at least 0.2% of its service life (at 36.0 months lifetime)."
persists,strix_halo,above_threshold,empirical_step,"Phase 1 is per-turn; steps-per-request quantile interpolation does not enter. log_normal and empirical_step rows are identical by construction. If they remain identical after Phase 3 trajectory sampling, the choice stops mattering for the headline.",0.07823843750000001,3.953642898550725e-05,0.0781989010710145,0.001912722415888853,threshold,0.0028690836238332794,threshold,0.0011476334495333115,threshold,,0.033,0.145,"Local (strix_halo, persists, above_threshold) wins only if the box is doing useful inference work at least 0.2% of its service life (at 36.0 months lifetime)."
persists,apple_m_series,below_threshold,log_normal,"Phase 1 is per-turn; steps-per-request quantile interpolation does not enter. log_normal and empirical_step rows are identical by construction. If they remain identical after Phase 3 trajectory sampling, the choice stops mattering for the headline.",0.03992171875,1.879791055871341e-05,0.03990292083944129,0.006075732322885249,threshold,0.009113598484327873,threshold,0.003645439393731149,threshold,,0.033,0.145,"Local (apple_m_series, persists, below_threshold) wins only if the box is doing useful inference work at least 0.6% of its service life (at 36.0 months lifetime)."
persists,apple_m_series,below_threshold,empirical_step,"Phase 1 is per-turn; steps-per-request quantile interpolation does not enter. log_normal and empirical_step rows are identical by construction. If they remain identical after Phase 3 trajectory sampling, the choice stops mattering for the headline.",0.03992171875,1.879791055871341e-05,0.03990292083944129,0.006075732322885249,threshold,0.009113598484327873,threshold,0.003645439393731149,threshold,,0.033,0.145,"Local (apple_m_series, persists, below_threshold) wins only if the box is doing useful inference work at least 0.6% of its service life (at 36.0 months lifetime)."
persists,apple_m_series,above_threshold,log_normal,"Phase 1 is per-turn; steps-per-request quantile interpolation does not enter. log_normal and empirical_step rows are identical by construction. If they remain identical after Phase 3 trajectory sampling, the choice stops mattering for the headline.",0.07823843750000001,1.879791055871341e-05,0.0782196395894413,0.003099470506310684,threshold,0.004649205759466026,threshold,0.0018596823037864106,threshold,,0.033,0.145,"Local (apple_m_series, persists, above_threshold) wins only if the box is doing useful inference work at least 0.3% of its service life (at 36.0 months lifetime)."
persists,apple_m_series,above_threshold,empirical_step,"Phase 1 is per-turn; steps-per-request quantile interpolation does not enter. log_normal and empirical_step rows are identical by construction. If they remain identical after Phase 3 trajectory sampling, the choice stops mattering for the headline.",0.07823843750000001,1.879791055871341e-05,0.0782196395894413,0.003099470506310684,threshold,0.004649205759466026,threshold,0.0018596823037864106,threshold,,0.033,0.145,"Local (apple_m_series, persists, above_threshold) wins only if the box is doing useful inference work at least 0.3% of its service life (at 36.0 months lifetime)."
persists,discrete_gpu_rtx5090,below_threshold,log_normal,"Phase 1 is per-turn; steps-per-request quantile interpolation does not enter. log_normal and empirical_step rows are identical by construction. If they remain identical after Phase 3 trajectory sampling, the choice stops mattering for the headline.",0.03992171875,4.1973536647271264e-05,0.03987974521335273,0.0011982816151232078,threshold,0.001797422422684812,threshold,0.0007189689690739247,threshold,,0.033,0.145,"Local (discrete_gpu_rtx5090, persists, below_threshold) wins only if the box is doing useful inference work at least 0.1% of its service life (at 36.0 months lifetime)."
persists,discrete_gpu_rtx5090,below_threshold,empirical_step,"Phase 1 is per-turn; steps-per-request quantile interpolation does not enter. log_normal and empirical_step rows are identical by construction. If they remain identical after Phase 3 trajectory sampling, the choice stops mattering for the headline.",0.03992171875,4.1973536647271264e-05,0.03987974521335273,0.0011982816151232078,threshold,0.001797422422684812,threshold,0.0007189689690739247,threshold,,0.033,0.145,"Local (discrete_gpu_rtx5090, persists, below_threshold) wins only if the box is doing useful inference work at least 0.1% of its service life (at 36.0 months lifetime)."
persists,discrete_gpu_rtx5090,above_threshold,log_normal,"Phase 1 is per-turn; steps-per-request quantile interpolation does not enter. log_normal and empirical_step rows are identical by construction. If they remain identical after Phase 3 trajectory sampling, the choice stops mattering for the headline.",0.07823843750000001,4.1973536647271264e-05,0.07819646396335274,0.0006111167063430653,threshold,0.0009166750595145979,threshold,0.00036667002380583923,threshold,,0.033,0.145,"Local (discrete_gpu_rtx5090, persists, above_threshold) wins only if the box is doing useful inference work at least 0.1% of its service life (at 36.0 months lifetime)."
persists,discrete_gpu_rtx5090,above_threshold,empirical_step,"Phase 1 is per-turn; steps-per-request quantile interpolation does not enter. log_normal and empirical_step rows are identical by construction. If they remain identical after Phase 3 trajectory sampling, the choice stops mattering for the headline.",0.07823843750000001,4.1973536647271264e-05,0.07819646396335274,0.0006111167063430653,threshold,0.0009166750595145979,threshold,0.00036667002380583923,threshold,,0.033,0.145,"Local (discrete_gpu_rtx5090, persists, above_threshold) wins only if the box is doing useful inference work at least 0.1% of its service life (at 36.0 months lifetime)."
recomputes,strix_halo,below_threshold,log_normal,"Phase 1 is per-turn; steps-per-request quantile interpolation does not enter. log_normal and empirical_step rows are identical by construction. If they remain identical after Phase 3 trajectory sampling, the choice stops mattering for the headline.",0.03992171875,0.0007381665623188406,0.03918355218768116,0.07126982973132454,threshold,0.1069047445969868,threshold,0.04276189783879472,threshold,,0.033,0.145,"Local (strix_halo, recomputes, below_threshold) wins only if the box is doing useful inference work at least 7.1% of its service life (at 36.0 months lifetime)."
recomputes,strix_halo,below_threshold,empirical_step,"Phase 1 is per-turn; steps-per-request quantile interpolation does not enter. log_normal and empirical_step rows are identical by construction. If they remain identical after Phase 3 trajectory sampling, the choice stops mattering for the headline.",0.03992171875,0.0007381665623188406,0.03918355218768116,0.07126982973132454,threshold,0.1069047445969868,threshold,0.04276189783879472,threshold,,0.033,0.145,"Local (strix_halo, recomputes, below_threshold) wins only if the box is doing useful inference work at least 7.1% of its service life (at 36.0 months lifetime)."
recomputes,strix_halo,above_threshold,log_normal,"Phase 1 is per-turn; steps-per-request quantile interpolation does not enter. log_normal and empirical_step rows are identical by construction. If they remain identical after Phase 3 trajectory sampling, the choice stops mattering for the headline.",0.07823843750000001,0.0007381665623188406,0.07750027093768116,0.03603348812715855,threshold,0.05405023219073783,threshold,0.02162009287629513,threshold,,0.033,0.145,"Local (strix_halo, recomputes, above_threshold) wins only if the box is doing useful inference work at least 3.6% of its service life (at 36.0 months lifetime)."
recomputes,strix_halo,above_threshold,empirical_step,"Phase 1 is per-turn; steps-per-request quantile interpolation does not enter. log_normal and empirical_step rows are identical by construction. If they remain identical after Phase 3 trajectory sampling, the choice stops mattering for the headline.",0.07823843750000001,0.0007381665623188406,0.07750027093768116,0.03603348812715855,threshold,0.05405023219073783,threshold,0.02162009287629513,threshold,,0.033,0.145,"Local (strix_halo, recomputes, above_threshold) wins only if the box is doing useful inference work at least 3.6% of its service life (at 36.0 months lifetime)."
recomputes,apple_m_series,below_threshold,log_normal,"Phase 1 is per-turn; steps-per-request quantile interpolation does not enter. log_normal and empirical_step rows are identical by construction. If they remain identical after Phase 3 trajectory sampling, the choice stops mattering for the headline.",0.03992171875,0.0005444789740149462,0.039377239775985055,0.17833212431618337,threshold,0.2674981864742751,threshold,0.10699927458971004,threshold,,0.033,0.145,"Local (apple_m_series, recomputes, below_threshold) wins only if the box is doing useful inference work at least 17.8% of its service life (at 36.0 months lifetime)."
recomputes,apple_m_series,below_threshold,empirical_step,"Phase 1 is per-turn; steps-per-request quantile interpolation does not enter. log_normal and empirical_step rows are identical by construction. If they remain identical after Phase 3 trajectory sampling, the choice stops mattering for the headline.",0.03992171875,0.0005444789740149462,0.039377239775985055,0.17833212431618337,threshold,0.2674981864742751,threshold,0.10699927458971004,threshold,,0.033,0.145,"Local (apple_m_series, recomputes, below_threshold) wins only if the box is doing useful inference work at least 17.8% of its service life (at 36.0 months lifetime)."
recomputes,apple_m_series,above_threshold,log_normal,"Phase 1 is per-turn; steps-per-request quantile interpolation does not enter. log_normal and empirical_step rows are identical by construction. If they remain identical after Phase 3 trajectory sampling, the choice stops mattering for the headline.",0.07823843750000001,0.0005444789740149462,0.07769395852598505,0.09038317717600289,threshold,0.13557476576400432,threshold,0.05422990630560173,threshold,,0.033,0.145,"Local (apple_m_series, recomputes, above_threshold) wins only if the box is doing useful inference work at least 9.0% of its service life (at 36.0 months lifetime)."
recomputes,apple_m_series,above_threshold,empirical_step,"Phase 1 is per-turn; steps-per-request quantile interpolation does not enter. log_normal and empirical_step rows are identical by construction. If they remain identical after Phase 3 trajectory sampling, the choice stops mattering for the headline.",0.07823843750000001,0.0005444789740149462,0.07769395852598505,0.09038317717600289,threshold,0.13557476576400432,threshold,0.05422990630560173,threshold,,0.033,0.145,"Local (apple_m_series, recomputes, above_threshold) wins only if the box is doing useful inference work at least 9.0% of its service life (at 36.0 months lifetime)."
recomputes,discrete_gpu_rtx5090,below_threshold,log_normal,"Phase 1 is per-turn; steps-per-request quantile interpolation does not enter. log_normal and empirical_step rows are identical by construction. If they remain identical after Phase 3 trajectory sampling, the choice stops mattering for the headline.",0.03992171875,0.00044145066273854115,0.03948026808726146,0.012730275054284168,threshold,0.019095412581426253,threshold,0.0076381650325705016,threshold,,0.033,0.145,"Local (discrete_gpu_rtx5090, recomputes, below_threshold) wins only if the box is doing useful inference work at least 1.3% of its service life (at 36.0 months lifetime)."
recomputes,discrete_gpu_rtx5090,below_threshold,empirical_step,"Phase 1 is per-turn; steps-per-request quantile interpolation does not enter. log_normal and empirical_step rows are identical by construction. If they remain identical after Phase 3 trajectory sampling, the choice stops mattering for the headline.",0.03992171875,0.00044145066273854115,0.03948026808726146,0.012730275054284168,threshold,0.019095412581426253,threshold,0.0076381650325705016,threshold,,0.033,0.145,"Local (discrete_gpu_rtx5090, recomputes, below_threshold) wins only if the box is doing useful inference work at least 1.3% of its service life (at 36.0 months lifetime)."
recomputes,discrete_gpu_rtx5090,above_threshold,log_normal,"Phase 1 is per-turn; steps-per-request quantile interpolation does not enter. log_normal and empirical_step rows are identical by construction. If they remain identical after Phase 3 trajectory sampling, the choice stops mattering for the headline.",0.07823843750000001,0.00044145066273854115,0.07779698683726147,0.006460335964155804,threshold,0.009690503946233707,threshold,0.0038762015784934824,threshold,,0.033,0.145,"Local (discrete_gpu_rtx5090, recomputes, above_threshold) wins only if the box is doing useful inference work at least 0.6% of its service life (at 36.0 months lifetime)."
recomputes,discrete_gpu_rtx5090,above_threshold,empirical_step,"Phase 1 is per-turn; steps-per-request quantile interpolation does not enter. log_normal and empirical_step rows are identical by construction. If they remain identical after Phase 3 trajectory sampling, the choice stops mattering for the headline.",0.07823843750000001,0.00044145066273854115,0.07779698683726147,0.006460335964155804,threshold,0.009690503946233707,threshold,0.0038762015784934824,threshold,,0.033,0.145,"Local (discrete_gpu_rtx5090, recomputes, above_threshold) wins only if the box is doing useful inference work at least 0.6% of its service life (at 36.0 months lifetime)."
