trajectory_id,task_id,outcome_class,label_provenance,provenance_detail,atlas_outcome,atlas_success,atlas_censored,censor_reason,swebench_submitted,swebench_completed,swebench_resolved,swebench_unresolved,swebench_empty_patch,traj_exit_status,turns,cost_usd,flags
OA01-M-03-pydata__xarray-3364,pydata__xarray-3364,FAILED,test_execution,SWE-bench harness ran tests; not resolved,failure,False,False,,True,True,False,True,False,Submitted,28,0.210706,nonstreaming_subject_default
OA01-M-04-matplotlib__matplotlib-25332,matplotlib__matplotlib-25332,FAILED,test_execution,SWE-bench harness ran tests; not resolved,failure,False,False,,True,True,False,True,False,Submitted,11,0.057954,nonstreaming_subject_default
OA01-M-05-django__django-13925,django__django-13925,FAILED,exact_match,"empty diff: harness structural check, no tests executed",failure,False,False,,True,False,False,False,True,Submitted,10,0.161882,empty_patch;nonstreaming_subject_default
OA01-M-06-sphinx-doc__sphinx-8435,sphinx-doc__sphinx-8435,FAILED,test_execution,SWE-bench harness ran tests; not resolved,failure,False,False,,True,True,False,True,False,Submitted,24,0.17745999999999998,nonstreaming_subject_default
OA01-M-07-mwaskom__seaborn-3407,mwaskom__seaborn-3407,FAILED,test_execution,SWE-bench harness ran tests; not resolved,failure,False,False,,True,True,False,True,False,Submitted,15,0.06651200000000002,nonstreaming_subject_default
OA01-M-08-pylint-dev__pylint-7228,pylint-dev__pylint-7228,FAILED,test_execution,SWE-bench harness ran tests; not resolved,failure,False,False,,True,True,False,True,False,Submitted,11,0.095438,nonstreaming_subject_default
OA01-M-09-scikit-learn__scikit-learn-13241,scikit-learn__scikit-learn-13241,FAILED,test_execution,SWE-bench harness ran tests; not resolved,failure,False,False,,True,True,False,True,False,Submitted,41,0.211456,nonstreaming_subject_default
OA01-M-10-matplotlib__matplotlib-25433,matplotlib__matplotlib-25433,CENSORED,unlabeled,censor_reason=turn_cap; outcome never evaluated,censored,,True,turn_cap,True,False,False,False,True,,50,0.408744,empty_patch;missing_subject_trajectory;nonstreaming_subject_default
OA01-M-11-scikit-learn__scikit-learn-25638,scikit-learn__scikit-learn-25638,FAILED,test_execution,SWE-bench harness ran tests; not resolved,failure,False,False,,True,True,False,True,False,Submitted,29,0.64233,nonstreaming_subject_default
OA01-M-12-sympy__sympy-14308,sympy__sympy-14308,FAILED,test_execution,SWE-bench harness ran tests; not resolved,failure,False,False,,True,True,False,True,False,Submitted,18,0.15349000000000002,nonstreaming_subject_default
OA01-M-13-django__django-12708,django__django-12708,FAILED,test_execution,SWE-bench harness ran tests; not resolved,failure,False,False,,True,True,False,True,False,Submitted,43,0.25567399999999996,nonstreaming_subject_default
OA01-M-14-sympy__sympy-24152,sympy__sympy-24152,FAILED,test_execution,SWE-bench harness ran tests; not resolved,failure,False,False,,True,True,False,True,False,Submitted,7,0.028338000000000002,nonstreaming_subject_default
OA01-P-00-pallets__flask-4992,pallets__flask-4992,FAILED,test_execution,SWE-bench harness ran tests; not resolved,failure,False,False,,True,True,False,True,False,Submitted,18,0.06182,nonstreaming_subject_default
OA01-P-01-django__django-14608,django__django-14608,FAILED,test_execution,SWE-bench harness ran tests; not resolved,failure,False,False,,True,True,False,True,False,Submitted,12,0.07514,nonstreaming_subject_default
OA01-P-02-django__django-13590,django__django-13590,FAILED,test_execution,SWE-bench harness ran tests; not resolved,failure,False,False,,True,True,False,True,False,Submitted,11,0.041294000000000004,nonstreaming_subject_default
