hw_config,prefill_scaling_model,prefill_rate_at_context_floor_tok_per_sec,decode_tok_per_sec,hit_rate_h,h_label,T_local_hit_s,T_local_miss_s,T_local_expected_s,T_cloud_s,T_cloud_fast_s,T_cloud_slow_s,ratio_local_over_cloud,max_tolerable_escalation_rate_e_star,e_star_vs_slow_cloud,e_star_vs_fast_cloud,verdict,prefill_tokens_hit,prefill_tokens_miss,output_tokens,confidence,source
strix_halo,optimistic_flat,1000.0,46.0,0.0,pure_recomputes_endpoint,6.432173913043479,120.09217391304348,120.09217391304348,6.621027732463296,4.401891891891892,6.870909090909091,18.13799590722515,-17.13799590722515,-16.47835291139823,-26.281945323157174,DEAD_ON_LATENCY_regardless_of_escalation_rate,1780.0,115440.0,214.0,estimated,"T_local from censor/prefill_bounds.py scaling models over the published pp512 rate in study_params (confidence: published) and published decode rates; h swept, NOT measured (study_params local_runtime.prompt_cache_hit_rate_local, confidence: guess). T_cloud from study_params cloud.ttft_ms + output_tok_per_sec.pure_decode + rtt_ms (TraceLab-derived, confidence: published except rtt estimated)."
strix_halo,optimistic_flat,1000.0,46.0,0.5,mixture,6.432173913043479,120.09217391304348,63.26217391304348,6.621027732463296,4.401891891891892,6.870909090909091,9.554736284046244,-8.554736284046244,-8.207249444872694,-13.371587368960576,DEAD_ON_LATENCY_regardless_of_escalation_rate,1780.0,115440.0,214.0,estimated,"T_local from censor/prefill_bounds.py scaling models over the published pp512 rate in study_params (confidence: published) and published decode rates; h swept, NOT measured (study_params local_runtime.prompt_cache_hit_rate_local, confidence: guess). T_cloud from study_params cloud.ttft_ms + output_tok_per_sec.pure_decode + rtt_ms (TraceLab-derived, confidence: published except rtt estimated)."
strix_halo,optimistic_flat,1000.0,46.0,0.8,mixture,6.432173913043479,120.09217391304348,29.164173913043474,6.621027732463296,4.401891891891892,6.870909090909091,4.404780510138899,-3.404780510138899,-3.244587364957372,-5.625372596442614,DEAD_ON_LATENCY_regardless_of_escalation_rate,1780.0,115440.0,214.0,estimated,"T_local from censor/prefill_bounds.py scaling models over the published pp512 rate in study_params (confidence: published) and published decode rates; h swept, NOT measured (study_params local_runtime.prompt_cache_hit_rate_local, confidence: guess). T_cloud from study_params cloud.ttft_ms + output_tok_per_sec.pure_decode + rtt_ms (TraceLab-derived, confidence: published except rtt estimated)."
strix_halo,optimistic_flat,1000.0,46.0,0.95,mixture,6.432173913043479,120.09217391304348,12.115173913043485,6.621027732463296,4.401891891891892,6.870909090909091,1.8298026231852285,-0.8298026231852285,-0.7632563249997133,-1.7522652101836367,DEAD_ON_LATENCY_regardless_of_escalation_rate,1780.0,115440.0,214.0,estimated,"T_local from censor/prefill_bounds.py scaling models over the published pp512 rate in study_params (confidence: published) and published decode rates; h swept, NOT measured (study_params local_runtime.prompt_cache_hit_rate_local, confidence: guess). T_cloud from study_params cloud.ttft_ms + output_tok_per_sec.pure_decode + rtt_ms (TraceLab-derived, confidence: published except rtt estimated)."
strix_halo,optimistic_flat,1000.0,46.0,1.0,pure_persists_endpoint,6.432173913043479,120.09217391304348,6.432173913043479,6.621027732463296,4.401891891891892,6.870909090909091,0.971476660867337,0.028523339132663028,0.06385402165284115,-0.4612294147639757,local_first_wins_only_if_escalation_below_e_star,1780.0,115440.0,214.0,estimated,"T_local from censor/prefill_bounds.py scaling models over the published pp512 rate in study_params (confidence: published) and published decode rates; h swept, NOT measured (study_params local_runtime.prompt_cache_hit_rate_local, confidence: guess). T_cloud from study_params cloud.ttft_ms + output_tok_per_sec.pure_decode + rtt_ms (TraceLab-derived, confidence: published except rtt estimated)."
strix_halo,linear_attention_theoretic,213.21002644460864,46.0,0.0,pure_recomputes_endpoint,13.000749398364,546.0901256127071,546.0901256127071,6.621027732463296,4.401891891891892,6.870909090909091,82.47815107844882,-81.47815107844882,-78.47858403995473,-123.05805027119888,DEAD_ON_LATENCY_regardless_of_escalation_rate,1780.0,115440.0,214.0,estimated,"T_local from censor/prefill_bounds.py scaling models over the published pp512 rate in study_params (confidence: published) and published decode rates; h swept, NOT measured (study_params local_runtime.prompt_cache_hit_rate_local, confidence: guess). T_cloud from study_params cloud.ttft_ms + output_tok_per_sec.pure_decode + rtt_ms (TraceLab-derived, confidence: published except rtt estimated)."
strix_halo,linear_attention_theoretic,213.21002644460864,46.0,0.5,mixture,13.000749398364,546.0901256127071,279.5454375055355,6.621027732463296,4.401891891891892,6.870909090909091,42.22085283450898,-41.22085283450898,-39.685364019064444,-62.5057480671997,DEAD_ON_LATENCY_regardless_of_escalation_rate,1780.0,115440.0,214.0,estimated,"T_local from censor/prefill_bounds.py scaling models over the published pp512 rate in study_params (confidence: published) and published decode rates; h swept, NOT measured (study_params local_runtime.prompt_cache_hit_rate_local, confidence: guess). T_cloud from study_params cloud.ttft_ms + output_tok_per_sec.pure_decode + rtt_ms (TraceLab-derived, confidence: published except rtt estimated)."
strix_halo,linear_attention_theoretic,213.21002644460864,46.0,0.8,mixture,13.000749398364,546.0901256127071,119.6186246412326,6.621027732463296,4.401891891891892,6.870909090909091,18.066473888145087,-17.066473888145087,-16.40943200653028,-26.174366744800185,DEAD_ON_LATENCY_regardless_of_escalation_rate,1780.0,115440.0,214.0,estimated,"T_local from censor/prefill_bounds.py scaling models over the published pp512 rate in study_params (confidence: published) and published decode rates; h swept, NOT measured (study_params local_runtime.prompt_cache_hit_rate_local, confidence: guess). T_cloud from study_params cloud.ttft_ms + output_tok_per_sec.pure_decode + rtt_ms (TraceLab-derived, confidence: published except rtt estimated)."
strix_halo,linear_attention_theoretic,213.21002644460864,46.0,0.95,mixture,13.000749398364,546.0901256127071,39.65521820908118,6.621027732463296,4.401891891891892,6.870909090909091,5.989284414963143,-4.989284414963143,-4.771466000263204,-8.00867608360044,DEAD_ON_LATENCY_regardless_of_escalation_rate,1780.0,115440.0,214.0,estimated,"T_local from censor/prefill_bounds.py scaling models over the published pp512 rate in study_params (confidence: published) and published decode rates; h swept, NOT measured (study_params local_runtime.prompt_cache_hit_rate_local, confidence: guess). T_cloud from study_params cloud.ttft_ms + output_tok_per_sec.pure_decode + rtt_ms (TraceLab-derived, confidence: published except rtt estimated)."
strix_halo,linear_attention_theoretic,213.21002644460864,46.0,1.0,pure_persists_endpoint,13.000749398364,546.0901256127071,13.000749398364,6.621027732463296,4.401891891891892,6.870909090909091,1.963554590569157,-0.9635545905691569,-0.892143998174173,-1.9534458632005158,DEAD_ON_LATENCY_regardless_of_escalation_rate,1780.0,115440.0,214.0,estimated,"T_local from censor/prefill_bounds.py scaling models over the published pp512 rate in study_params (confidence: published) and published decode rates; h swept, NOT measured (study_params local_runtime.prompt_cache_hit_rate_local, confidence: guess). T_cloud from study_params cloud.ttft_ms + output_tok_per_sec.pure_decode + rtt_ms (TraceLab-derived, confidence: published except rtt estimated)."
strix_halo,quadratic_pessimistic,34.53078611569213,46.0,0.0,pure_recomputes_endpoint,56.20037771113479,3347.7559078746513,3347.7559078746513,6.621027732463296,4.401891891891892,6.870909090909091,505.6248128157511,-504.6248128157511,-486.236239568949,-759.5266076709161,DEAD_ON_LATENCY_regardless_of_escalation_rate,1780.0,115440.0,214.0,estimated,"T_local from censor/prefill_bounds.py scaling models over the published pp512 rate in study_params (confidence: published) and published decode rates; h swept, NOT measured (study_params local_runtime.prompt_cache_hit_rate_local, confidence: guess). T_cloud from study_params cloud.ttft_ms + output_tok_per_sec.pure_decode + rtt_ms (TraceLab-derived, confidence: published except rtt estimated)."
strix_halo,quadratic_pessimistic,34.53078611569213,46.0,0.5,mixture,56.20037771113479,3347.7559078746513,1701.978142792893,6.621027732463296,4.401891891891892,6.870909090909091,257.056489047462,-256.056489047462,-246.70785354223105,-385.6469655758399,DEAD_ON_LATENCY_regardless_of_escalation_rate,1780.0,115440.0,214.0,estimated,"T_local from censor/prefill_bounds.py scaling models over the published pp512 rate in study_params (confidence: published) and published decode rates; h swept, NOT measured (study_params local_runtime.prompt_cache_hit_rate_local, confidence: guess). T_cloud from study_params cloud.ttft_ms + output_tok_per_sec.pure_decode + rtt_ms (TraceLab-derived, confidence: published except rtt estimated)."
strix_halo,quadratic_pessimistic,34.53078611569213,46.0,0.8,mixture,56.20037771113479,3347.7559078746513,714.5114837438379,6.621027732463296,4.401891891891892,6.870909090909091,107.9154947864884,-106.9154947864884,-102.99082192620027,-161.31918031879414,DEAD_ON_LATENCY_regardless_of_escalation_rate,1780.0,115440.0,214.0,estimated,"T_local from censor/prefill_bounds.py scaling models over the published pp512 rate in study_params (confidence: published) and published decode rates; h swept, NOT measured (study_params local_runtime.prompt_cache_hit_rate_local, confidence: guess). T_cloud from study_params cloud.ttft_ms + output_tok_per_sec.pure_decode + rtt_ms (TraceLab-derived, confidence: published except rtt estimated)."
strix_halo,quadratic_pessimistic,34.53078611569213,46.0,0.95,mixture,56.20037771113479,3347.7559078746513,220.77815421931075,6.621027732463296,4.401891891891892,6.870909090909091,33.34499765600168,-32.34499765600168,-31.132306118184943,-49.155287690271365,DEAD_ON_LATENCY_regardless_of_escalation_rate,1780.0,115440.0,214.0,estimated,"T_local from censor/prefill_bounds.py scaling models over the published pp512 rate in study_params (confidence: published) and published decode rates; h swept, NOT measured (study_params local_runtime.prompt_cache_hit_rate_local, confidence: guess). T_cloud from study_params cloud.ttft_ms + output_tok_per_sec.pure_decode + rtt_ms (TraceLab-derived, confidence: published except rtt estimated)."
strix_halo,quadratic_pessimistic,34.53078611569213,46.0,1.0,pure_persists_endpoint,56.20037771113479,3347.7559078746513,56.20037771113479,6.621027732463296,4.401891891891892,6.870909090909091,8.488165279172744,-7.488165279172744,-7.179467515513135,-11.767323480763721,DEAD_ON_LATENCY_regardless_of_escalation_rate,1780.0,115440.0,214.0,estimated,"T_local from censor/prefill_bounds.py scaling models over the published pp512 rate in study_params (confidence: published) and published decode rates; h swept, NOT measured (study_params local_runtime.prompt_cache_hit_rate_local, confidence: guess). T_cloud from study_params cloud.ttft_ms + output_tok_per_sec.pure_decode + rtt_ms (TraceLab-derived, confidence: published except rtt estimated)."
apple_m_series,optimistic_flat,886.0,83.0,0.0,pure_recomputes_endpoint,4.587342598384509,132.87176697761703,132.87176697761703,6.621027732463296,4.401891891891892,6.870909090909091,20.068148382182237,-19.068148382182237,-18.338309562765115,-29.185149985705348,DEAD_ON_LATENCY_regardless_of_escalation_rate,1780.0,115440.0,214.0,estimated,"T_local from censor/prefill_bounds.py scaling models over the published pp512 rate in study_params (confidence: published) and published decode rates; h swept, NOT measured (study_params local_runtime.prompt_cache_hit_rate_local, confidence: guess). T_cloud from study_params cloud.ttft_ms + output_tok_per_sec.pure_decode + rtt_ms (TraceLab-derived, confidence: published except rtt estimated)."
apple_m_series,optimistic_flat,886.0,83.0,0.5,mixture,4.587342598384509,132.87176697761703,68.72955478800077,6.621027732463296,4.401891891891892,6.870909090909091,10.380496437285052,-9.380496437285052,-9.002978336438323,-14.613639879388645,DEAD_ON_LATENCY_regardless_of_escalation_rate,1780.0,115440.0,214.0,estimated,"T_local from censor/prefill_bounds.py scaling models over the published pp512 rate in study_params (confidence: published) and published decode rates; h swept, NOT measured (study_params local_runtime.prompt_cache_hit_rate_local, confidence: guess). T_cloud from study_params cloud.ttft_ms + output_tok_per_sec.pure_decode + rtt_ms (TraceLab-derived, confidence: published except rtt estimated)."
apple_m_series,optimistic_flat,886.0,83.0,0.8,mixture,4.587342598384509,132.87176697761703,30.244227474231007,6.621027732463296,4.401891891891892,6.870909090909091,4.567905270346738,-3.5679052703467384,-3.4017796006422474,-5.87073381559862,DEAD_ON_LATENCY_regardless_of_escalation_rate,1780.0,115440.0,214.0,estimated,"T_local from censor/prefill_bounds.py scaling models over the published pp512 rate in study_params (confidence: published) and published decode rates; h swept, NOT measured (study_params local_runtime.prompt_cache_hit_rate_local, confidence: guess). T_cloud from study_params cloud.ttft_ms + output_tok_per_sec.pure_decode + rtt_ms (TraceLab-derived, confidence: published except rtt estimated)."
apple_m_series,optimistic_flat,886.0,83.0,0.95,mixture,4.587342598384509,132.87176697761703,11.00156381734614,6.621027732463296,4.401891891891892,6.870909090909091,1.6616096868775845,-0.6616096868775845,-0.601180232744212,-1.4992807837036115,DEAD_ON_LATENCY_regardless_of_escalation_rate,1780.0,115440.0,214.0,estimated,"T_local from censor/prefill_bounds.py scaling models over the published pp512 rate in study_params (confidence: published) and published decode rates; h swept, NOT measured (study_params local_runtime.prompt_cache_hit_rate_local, confidence: guess). T_cloud from study_params cloud.ttft_ms + output_tok_per_sec.pure_decode + rtt_ms (TraceLab-derived, confidence: published except rtt estimated)."
apple_m_series,optimistic_flat,886.0,83.0,1.0,pure_persists_endpoint,4.587342598384509,132.87176697761703,4.587342598384509,6.621027732463296,4.401891891891892,6.870909090909091,0.6928444923878649,0.30715550761213506,0.3323528898884679,-0.04212977307193966,local_first_wins_only_if_escalation_below_e_star,1780.0,115440.0,214.0,estimated,"T_local from censor/prefill_bounds.py scaling models over the published pp512 rate in study_params (confidence: published) and published decode rates; h swept, NOT measured (study_params local_runtime.prompt_cache_hit_rate_local, confidence: guess). T_cloud from study_params cloud.ttft_ms + output_tok_per_sec.pure_decode + rtt_ms (TraceLab-derived, confidence: published except rtt estimated)."
apple_m_series,linear_attention_theoretic,188.90408342992328,83.0,0.0,pure_recomputes_endpoint,12.001084681139048,613.6820962097429,613.6820962097429,6.621027732463296,4.401891891891892,6.870909090909091,92.68683367701705,-91.68683367701705,-88.31599706677919,-138.4132594078743,DEAD_ON_LATENCY_regardless_of_escalation_rate,1780.0,115440.0,214.0,estimated,"T_local from censor/prefill_bounds.py scaling models over the published pp512 rate in study_params (confidence: published) and published decode rates; h swept, NOT measured (study_params local_runtime.prompt_cache_hit_rate_local, confidence: guess). T_cloud from study_params cloud.ttft_ms + output_tok_per_sec.pure_decode + rtt_ms (TraceLab-derived, confidence: published except rtt estimated)."
apple_m_series,linear_attention_theoretic,188.90408342992328,83.0,0.5,mixture,12.001084681139048,613.6820962097429,312.84159044544094,6.621027732463296,4.401891891891892,6.870909090909091,47.24970247618204,-46.24970247618204,-44.531324356970764,-70.06980319568561,DEAD_ON_LATENCY_regardless_of_escalation_rate,1780.0,115440.0,214.0,estimated,"T_local from censor/prefill_bounds.py scaling models over the published pp512 rate in study_params (confidence: published) and published decode rates; h swept, NOT measured (study_params local_runtime.prompt_cache_hit_rate_local, confidence: guess). T_cloud from study_params cloud.ttft_ms + output_tok_per_sec.pure_decode + rtt_ms (TraceLab-derived, confidence: published except rtt estimated)."
apple_m_series,linear_attention_theoretic,188.90408342992328,83.0,0.8,mixture,12.001084681139048,613.6820962097429,132.3372869868598,6.621027732463296,4.401891891891892,6.870909090909091,19.987423755681032,-18.987423755681032,-18.260520731085705,-29.063729468372397,DEAD_ON_LATENCY_regardless_of_escalation_rate,1780.0,115440.0,214.0,estimated,"T_local from censor/prefill_bounds.py scaling models over the published pp512 rate in study_params (confidence: published) and published decode rates; h swept, NOT measured (study_params local_runtime.prompt_cache_hit_rate_local, confidence: guess). T_cloud from study_params cloud.ttft_ms + output_tok_per_sec.pure_decode + rtt_ms (TraceLab-derived, confidence: published except rtt estimated)."
apple_m_series,linear_attention_theoretic,188.90408342992328,83.0,0.95,mixture,12.001084681139048,613.6820962097429,42.08513525756926,6.621027732463296,4.401891891891892,6.870909090909091,6.356284395430534,-5.356284395430534,-5.125118918143184,-8.560692604715802,DEAD_ON_LATENCY_regardless_of_escalation_rate,1780.0,115440.0,214.0,estimated,"T_local from censor/prefill_bounds.py scaling models over the published pp512 rate in study_params (confidence: published) and published decode rates; h swept, NOT measured (study_params local_runtime.prompt_cache_hit_rate_local, confidence: guess). T_cloud from study_params cloud.ttft_ms + output_tok_per_sec.pure_decode + rtt_ms (TraceLab-derived, confidence: published except rtt estimated)."
apple_m_series,linear_attention_theoretic,188.90408342992328,83.0,1.0,pure_persists_endpoint,12.001084681139048,613.6820962097429,12.001084681139048,6.621027732463296,4.401891891891892,6.870909090909091,1.8125712753470296,-0.8125712753470296,-0.7466516471623383,-1.7263469834969287,DEAD_ON_LATENCY_regardless_of_escalation_rate,1780.0,115440.0,214.0,estimated,"T_local from censor/prefill_bounds.py scaling models over the published pp512 rate in study_params (confidence: published) and published decode rates; h swept, NOT measured (study_params local_runtime.prompt_cache_hit_rate_local, confidence: guess). T_cloud from study_params cloud.ttft_ms + output_tok_per_sec.pure_decode + rtt_ms (TraceLab-derived, confidence: published except rtt estimated)."
apple_m_series,quadratic_pessimistic,30.594276498503227,83.0,0.0,pure_recomputes_endpoint,60.759130180880355,3775.833091990718,3775.833091990718,6.621027732463296,4.401891891891892,6.870909090909091,570.2790026807443,-569.2790026807443,-548.5390845712874,-856.7750623420923,DEAD_ON_LATENCY_regardless_of_escalation_rate,1780.0,115440.0,214.0,estimated,"T_local from censor/prefill_bounds.py scaling models over the published pp512 rate in study_params (confidence: published) and published decode rates; h swept, NOT measured (study_params local_runtime.prompt_cache_hit_rate_local, confidence: guess). T_cloud from study_params cloud.ttft_ms + output_tok_per_sec.pure_decode + rtt_ms (TraceLab-derived, confidence: published except rtt estimated)."
apple_m_series,quadratic_pessimistic,30.594276498503227,83.0,0.5,mixture,60.759130180880355,3775.833091990718,1918.296111085799,6.621027732463296,4.401891891891892,6.870909090909091,289.7278471860612,-288.7278471860612,-278.19101907837774,-434.7890103160469,DEAD_ON_LATENCY_regardless_of_escalation_rate,1780.0,115440.0,214.0,estimated,"T_local from censor/prefill_bounds.py scaling models over the published pp512 rate in study_params (confidence: published) and published decode rates; h swept, NOT measured (study_params local_runtime.prompt_cache_hit_rate_local, confidence: guess). T_cloud from study_params cloud.ttft_ms + output_tok_per_sec.pure_decode + rtt_ms (TraceLab-derived, confidence: published except rtt estimated)."
apple_m_series,quadratic_pessimistic,30.594276498503227,83.0,0.8,mixture,60.759130180880355,3775.833091990718,803.7739225428477,6.621027732463296,4.401891891891892,6.870909090909091,121.39715388925136,-120.39715388925136,-115.98217978263197,-181.59737910041974,DEAD_ON_LATENCY_regardless_of_escalation_rate,1780.0,115440.0,214.0,estimated,"T_local from censor/prefill_bounds.py scaling models over the published pp512 rate in study_params (confidence: published) and published decode rates; h swept, NOT measured (study_params local_runtime.prompt_cache_hit_rate_local, confidence: guess). T_cloud from study_params cloud.ttft_ms + output_tok_per_sec.pure_decode + rtt_ms (TraceLab-derived, confidence: published except rtt estimated)."
apple_m_series,quadratic_pessimistic,30.594276498503227,83.0,0.95,mixture,60.759130180880355,3775.833091990718,246.5128282713724,6.621027732463296,4.401891891891892,6.870909090909091,37.23180724084649,-36.23180724084649,-34.87776013475915,-55.001563492606245,DEAD_ON_LATENCY_regardless_of_escalation_rate,1780.0,115440.0,214.0,estimated,"T_local from censor/prefill_bounds.py scaling models over the published pp512 rate in study_params (confidence: published) and published decode rates; h swept, NOT measured (study_params local_runtime.prompt_cache_hit_rate_local, confidence: guess). T_cloud from study_params cloud.ttft_ms + output_tok_per_sec.pure_decode + rtt_ms (TraceLab-derived, confidence: published except rtt estimated)."
apple_m_series,quadratic_pessimistic,30.594276498503227,83.0,1.0,pure_persists_endpoint,60.759130180880355,3775.833091990718,60.759130180880355,6.621027732463296,4.401891891891892,6.870909090909091,9.176691691378167,-8.176691691378167,-7.842953585468164,-12.802958290001676,DEAD_ON_LATENCY_regardless_of_escalation_rate,1780.0,115440.0,214.0,estimated,"T_local from censor/prefill_bounds.py scaling models over the published pp512 rate in study_params (confidence: published) and published decode rates; h swept, NOT measured (study_params local_runtime.prompt_cache_hit_rate_local, confidence: guess). T_cloud from study_params cloud.ttft_ms + output_tok_per_sec.pure_decode + rtt_ms (TraceLab-derived, confidence: published except rtt estimated)."
discrete_gpu_rtx5090,optimistic_flat,8452.830188679245,178.0,0.0,pure_recomputes_endpoint,1.412827548154093,14.859211476725523,14.859211476725523,6.621027732463296,4.401891891891892,6.870909090909091,2.244245467190829,-1.244245467190829,-1.1626267034133466,-2.375642074285285,DEAD_ON_LATENCY_regardless_of_escalation_rate,1780.0,115440.0,214.0,estimated,"T_local from censor/prefill_bounds.py scaling models over the published pp512 rate in study_params (confidence: published) and published decode rates; h swept, NOT measured (study_params local_runtime.prompt_cache_hit_rate_local, confidence: guess). T_cloud from study_params cloud.ttft_ms + output_tok_per_sec.pure_decode + rtt_ms (TraceLab-derived, confidence: published except rtt estimated)."
discrete_gpu_rtx5090,optimistic_flat,8452.830188679245,178.0,0.5,mixture,1.412827548154093,14.859211476725523,8.136019512439809,6.621027732463296,4.401891891891892,6.870909090909091,1.22881519927011,-0.22881519927010996,-0.18412562366813834,-0.8483006198825624,DEAD_ON_LATENCY_regardless_of_escalation_rate,1780.0,115440.0,214.0,estimated,"T_local from censor/prefill_bounds.py scaling models over the published pp512 rate in study_params (confidence: published) and published decode rates; h swept, NOT measured (study_params local_runtime.prompt_cache_hit_rate_local, confidence: guess). T_cloud from study_params cloud.ttft_ms + output_tok_per_sec.pure_decode + rtt_ms (TraceLab-derived, confidence: published except rtt estimated)."
discrete_gpu_rtx5090,optimistic_flat,8452.830188679245,178.0,0.8,mixture,1.412827548154093,14.859211476725523,4.102104333868379,6.621027732463296,4.401891891891892,6.870909090909091,0.6195570385176784,0.3804429614823216,0.4029750241789869,0.0681042527590715,local_first_wins_only_if_escalation_below_e_star,1780.0,115440.0,214.0,estimated,"T_local from censor/prefill_bounds.py scaling models over the published pp512 rate in study_params (confidence: published) and published decode rates; h swept, NOT measured (study_params local_runtime.prompt_cache_hit_rate_local, confidence: guess). T_cloud from study_params cloud.ttft_ms + output_tok_per_sec.pure_decode + rtt_ms (TraceLab-derived, confidence: published except rtt estimated)."
discrete_gpu_rtx5090,optimistic_flat,8452.830188679245,178.0,0.95,mixture,1.412827548154093,14.859211476725523,2.085146744582665,6.621027732463296,4.401891891891892,6.870909090909091,0.31492795814146274,0.6850720418585372,0.6965253481025495,0.5263066890798882,local_first_wins_with_wide_margin,1780.0,115440.0,214.0,estimated,"T_local from censor/prefill_bounds.py scaling models over the published pp512 rate in study_params (confidence: published) and published decode rates; h swept, NOT measured (study_params local_runtime.prompt_cache_hit_rate_local, confidence: guess). T_cloud from study_params cloud.ttft_ms + output_tok_per_sec.pure_decode + rtt_ms (TraceLab-derived, confidence: published except rtt estimated)."
discrete_gpu_rtx5090,optimistic_flat,8452.830188679245,178.0,1.0,pure_persists_endpoint,1.412827548154093,14.859211476725523,1.412827548154093,6.621027732463296,4.401891891891892,6.870909090909091,0.2133849313493908,0.7866150686506093,0.7943754560770704,0.6790408345201606,local_first_wins_with_wide_margin,1780.0,115440.0,214.0,estimated,"T_local from censor/prefill_bounds.py scaling models over the published pp512 rate in study_params (confidence: published) and published decode rates; h swept, NOT measured (study_params local_runtime.prompt_cache_hit_rate_local, confidence: guess). T_cloud from study_params cloud.ttft_ms + output_tok_per_sec.pure_decode + rtt_ms (TraceLab-derived, confidence: published except rtt estimated)."
discrete_gpu_rtx5090,linear_attention_theoretic,1802.2281480600882,178.0,0.0,pure_recomputes_endpoint,2.189913487265673,65.25629058405178,65.25629058405178,6.621027732463296,4.401891891891892,6.870909090909091,9.855915610215055,-8.855915610215055,-8.497475475318465,-13.824600918584858,DEAD_ON_LATENCY_regardless_of_escalation_rate,1780.0,115440.0,214.0,estimated,"T_local from censor/prefill_bounds.py scaling models over the published pp512 rate in study_params (confidence: published) and published decode rates; h swept, NOT measured (study_params local_runtime.prompt_cache_hit_rate_local, confidence: guess). T_cloud from study_params cloud.ttft_ms + output_tok_per_sec.pure_decode + rtt_ms (TraceLab-derived, confidence: published except rtt estimated)."
discrete_gpu_rtx5090,linear_attention_theoretic,1802.2281480600882,178.0,0.5,mixture,2.189913487265673,65.25629058405178,33.72310203565873,6.621027732463296,4.401891891891892,6.870909090909091,5.093333451891817,-4.093333451891817,-3.908098999632786,-6.661047309629599,DEAD_ON_LATENCY_regardless_of_escalation_rate,1780.0,115440.0,214.0,estimated,"T_local from censor/prefill_bounds.py scaling models over the published pp512 rate in study_params (confidence: published) and published decode rates; h swept, NOT measured (study_params local_runtime.prompt_cache_hit_rate_local, confidence: guess). T_cloud from study_params cloud.ttft_ms + output_tok_per_sec.pure_decode + rtt_ms (TraceLab-derived, confidence: published except rtt estimated)."
discrete_gpu_rtx5090,linear_attention_theoretic,1802.2281480600882,178.0,0.8,mixture,2.189913487265673,65.25629058405178,14.803188906622893,6.621027732463296,4.401891891891892,6.870909090909091,2.235784156897874,-1.235784156897874,-1.1544731142213789,-2.3629151442564438,DEAD_ON_LATENCY_regardless_of_escalation_rate,1780.0,115440.0,214.0,estimated,"T_local from censor/prefill_bounds.py scaling models over the published pp512 rate in study_params (confidence: published) and published decode rates; h swept, NOT measured (study_params local_runtime.prompt_cache_hit_rate_local, confidence: guess). T_cloud from study_params cloud.ttft_ms + output_tok_per_sec.pure_decode + rtt_ms (TraceLab-derived, confidence: published except rtt estimated)."
discrete_gpu_rtx5090,linear_attention_theoretic,1802.2281480600882,178.0,0.95,mixture,2.189913487265673,65.25629058405178,5.343232342104981,6.621027732463296,4.401891891891892,6.870909090909091,0.8070095094009035,0.19299049059909645,0.222339828484324,-0.21384906156986738,local_first_wins_only_if_escalation_below_e_star,1780.0,115440.0,214.0,estimated,"T_local from censor/prefill_bounds.py scaling models over the published pp512 rate in study_params (confidence: published) and published decode rates; h swept, NOT measured (study_params local_runtime.prompt_cache_hit_rate_local, confidence: guess). T_cloud from study_params cloud.ttft_ms + output_tok_per_sec.pure_decode + rtt_ms (TraceLab-derived, confidence: published except rtt estimated)."
discrete_gpu_rtx5090,linear_attention_theoretic,1802.2281480600882,178.0,1.0,pure_persists_endpoint,2.189913487265673,65.25629058405178,2.189913487265673,6.621027732463296,4.401891891891892,6.870909090909091,0.33075129356857935,0.6692487064314206,0.6812774760528924,0.502506299325659,local_first_wins_with_wide_margin,1780.0,115440.0,214.0,estimated,"T_local from censor/prefill_bounds.py scaling models over the published pp512 rate in study_params (confidence: published) and published decode rates; h swept, NOT measured (study_params local_runtime.prompt_cache_hit_rate_local, confidence: guess). T_cloud from study_params cloud.ttft_ms + output_tok_per_sec.pure_decode + rtt_ms (TraceLab-derived, confidence: published except rtt estimated)."
discrete_gpu_rtx5090,quadratic_pessimistic,291.88287131754856,178.0,0.0,pure_recomputes_endpoint,7.300583801053289,396.70335857486214,396.70335857486214,6.621027732463296,4.401891891891892,6.870909090909091,59.915676931815554,-58.915676931815554,-56.73666240173966,-89.12110436096211,DEAD_ON_LATENCY_regardless_of_escalation_rate,1780.0,115440.0,214.0,estimated,"T_local from censor/prefill_bounds.py scaling models over the published pp512 rate in study_params (confidence: published) and published decode rates; h swept, NOT measured (study_params local_runtime.prompt_cache_hit_rate_local, confidence: guess). T_cloud from study_params cloud.ttft_ms + output_tok_per_sec.pure_decode + rtt_ms (TraceLab-derived, confidence: published except rtt estimated)."
discrete_gpu_rtx5090,quadratic_pessimistic,291.88287131754856,178.0,0.5,mixture,7.300583801053289,396.70335857486214,202.0019711879577,6.621027732463296,4.401891891891892,6.870909090909091,30.50915648601348,-29.50915648601348,-28.399598876257407,-44.88980741667855,DEAD_ON_LATENCY_regardless_of_escalation_rate,1780.0,115440.0,214.0,estimated,"T_local from censor/prefill_bounds.py scaling models over the published pp512 rate in study_params (confidence: published) and published decode rates; h swept, NOT measured (study_params local_runtime.prompt_cache_hit_rate_local, confidence: guess). T_cloud from study_params cloud.ttft_ms + output_tok_per_sec.pure_decode + rtt_ms (TraceLab-derived, confidence: published except rtt estimated)."
discrete_gpu_rtx5090,quadratic_pessimistic,291.88287131754856,178.0,0.8,mixture,7.300583801053289,396.70335857486214,85.18113875581504,6.621027732463296,4.401891891891892,6.870909090909091,12.86524421853224,-11.86524421853224,-11.397360760968052,-18.351029250108407,DEAD_ON_LATENCY_regardless_of_escalation_rate,1780.0,115440.0,214.0,estimated,"T_local from censor/prefill_bounds.py scaling models over the published pp512 rate in study_params (confidence: published) and published decode rates; h swept, NOT measured (study_params local_runtime.prompt_cache_hit_rate_local, confidence: guess). T_cloud from study_params cloud.ttft_ms + output_tok_per_sec.pure_decode + rtt_ms (TraceLab-derived, confidence: published except rtt estimated)."
discrete_gpu_rtx5090,quadratic_pessimistic,291.88287131754856,178.0,0.95,mixture,7.300583801053289,396.70335857486214,26.77072253974375,6.621027732463296,4.401891891891892,6.870909090909091,4.043288084791624,-3.043288084791624,-2.8962417033233825,-5.081640166823349,DEAD_ON_LATENCY_regardless_of_escalation_rate,1780.0,115440.0,214.0,estimated,"T_local from censor/prefill_bounds.py scaling models over the published pp512 rate in study_params (confidence: published) and published decode rates; h swept, NOT measured (study_params local_runtime.prompt_cache_hit_rate_local, confidence: guess). T_cloud from study_params cloud.ttft_ms + output_tok_per_sec.pure_decode + rtt_ms (TraceLab-derived, confidence: published except rtt estimated)."
discrete_gpu_rtx5090,quadratic_pessimistic,291.88287131754856,178.0,1.0,pure_persists_endpoint,7.300583801053289,396.70335857486214,7.300583801053289,6.621027732463296,4.401891891891892,6.870909090909091,1.1026360402114144,-0.10263604021141437,-0.06253535077515449,-0.658510472394988,DEAD_ON_LATENCY_regardless_of_escalation_rate,1780.0,115440.0,214.0,estimated,"T_local from censor/prefill_bounds.py scaling models over the published pp512 rate in study_params (confidence: published) and published decode rates; h swept, NOT measured (study_params local_runtime.prompt_cache_hit_rate_local, confidence: guess). T_cloud from study_params cloud.ttft_ms + output_tok_per_sec.pure_decode + rtt_ms (TraceLab-derived, confidence: published except rtt estimated)."
