trajectory_id,turn_index,task_id,tier,free_observable,evidence,payload_available,n_commands,step_type_semantic,atlas_status,loop_membership,repeat_count,command_source
OA01-M-03-pydata__xarray-3364,0,pydata__xarray-3364,T4_SEMANTIC,False,"clean exit, non-empty output, no repetition: needs judge or ground truth",True,4,inspect+inspect+inspect+inspect,ok,False,1,traj
OA01-M-03-pydata__xarray-3364,1,pydata__xarray-3364,T4_SEMANTIC,False,"clean exit, non-empty output, no repetition: needs judge or ground truth",True,1,inspect,ok,False,1,traj
OA01-M-03-pydata__xarray-3364,2,pydata__xarray-3364,T4_SEMANTIC,False,"clean exit, non-empty output, no repetition: needs judge or ground truth",True,3,inspect+inspect+inspect,ok,False,1,traj
OA01-M-03-pydata__xarray-3364,3,pydata__xarray-3364,T4_SEMANTIC,False,"clean exit, non-empty output, no repetition: needs judge or ground truth",True,1,inspect,ok,False,2,traj
OA01-M-03-pydata__xarray-3364,4,pydata__xarray-3364,T4_SEMANTIC,False,"clean exit, non-empty output, no repetition: needs judge or ground truth",True,2,inspect+inspect,ok,False,1,traj
OA01-M-03-pydata__xarray-3364,5,pydata__xarray-3364,T4_SEMANTIC,False,"clean exit, non-empty output, no repetition: needs judge or ground truth",True,1,inspect,ok,False,3,traj
OA01-M-03-pydata__xarray-3364,6,pydata__xarray-3364,T3_PROGRESS,True,atlas loop_membership=true (action-shape cycle),True,1,inspect,ok,True,4,traj
OA01-M-03-pydata__xarray-3364,7,pydata__xarray-3364,T3_PROGRESS,True,atlas loop_membership=true (action-shape cycle),True,1,inspect,ok,True,5,traj
OA01-M-03-pydata__xarray-3364,8,pydata__xarray-3364,T3_PROGRESS,True,atlas loop_membership=true (action-shape cycle),True,1,inspect,ok,True,6,traj
OA01-M-03-pydata__xarray-3364,9,pydata__xarray-3364,T3_PROGRESS,True,atlas loop_membership=true (action-shape cycle),True,1,inspect,ok,True,7,traj
OA01-M-03-pydata__xarray-3364,10,pydata__xarray-3364,T3_PROGRESS,True,atlas loop_membership=true (action-shape cycle),True,1,inspect,ok,True,8,traj
OA01-M-03-pydata__xarray-3364,11,pydata__xarray-3364,T3_PROGRESS,True,atlas loop_membership=true (action-shape cycle),True,1,inspect,ok,True,9,traj
OA01-M-03-pydata__xarray-3364,12,pydata__xarray-3364,T2_ENVIRONMENTAL,True,returncode=127,True,1,shell_other,ok,False,1,traj
OA01-M-03-pydata__xarray-3364,13,pydata__xarray-3364,T3_PROGRESS,True,atlas loop_membership=true (action-shape cycle),True,1,inspect,ok,True,10,traj
OA01-M-03-pydata__xarray-3364,14,pydata__xarray-3364,T4_SEMANTIC,False,"clean exit, non-empty output, no repetition: needs judge or ground truth",True,1,edit,ok,False,1,traj
OA01-M-03-pydata__xarray-3364,15,pydata__xarray-3364,T4_SEMANTIC,False,"clean exit, non-empty output, no repetition: needs judge or ground truth",True,1,inspect,ok,False,11,traj
OA01-M-03-pydata__xarray-3364,16,pydata__xarray-3364,T2_ENVIRONMENTAL,True,empty tool output,True,1,shell_other,ok,False,2,traj
OA01-M-03-pydata__xarray-3364,17,pydata__xarray-3364,T4_SEMANTIC,False,"clean exit, non-empty output, no repetition: needs judge or ground truth",True,1,inspect,ok,False,12,traj
OA01-M-03-pydata__xarray-3364,18,pydata__xarray-3364,T3_PROGRESS,True,atlas loop_membership=true (action-shape cycle),True,1,inspect,ok,True,13,traj
OA01-M-03-pydata__xarray-3364,19,pydata__xarray-3364,T2_ENVIRONMENTAL,True,empty tool output,True,1,edit,ok,False,2,traj
OA01-M-03-pydata__xarray-3364,20,pydata__xarray-3364,T4_SEMANTIC,False,"clean exit, non-empty output, no repetition: needs judge or ground truth",True,1,edit,ok,False,3,traj
OA01-M-03-pydata__xarray-3364,21,pydata__xarray-3364,T2_ENVIRONMENTAL,True,empty tool output,True,1,edit,ok,True,4,traj
OA01-M-03-pydata__xarray-3364,22,pydata__xarray-3364,T2_ENVIRONMENTAL,True,empty tool output,True,1,edit,ok,True,5,traj
OA01-M-03-pydata__xarray-3364,23,pydata__xarray-3364,T2_ENVIRONMENTAL,True,empty tool output,True,1,inspect,ok,False,14,traj
OA01-M-03-pydata__xarray-3364,24,pydata__xarray-3364,T2_ENVIRONMENTAL,True,empty tool output,True,1,edit,ok,True,6,traj
OA01-M-03-pydata__xarray-3364,25,pydata__xarray-3364,T3_PROGRESS,True,atlas loop_membership=true (action-shape cycle),True,1,edit,ok,True,7,traj
OA01-M-03-pydata__xarray-3364,26,pydata__xarray-3364,T3_PROGRESS,True,atlas loop_membership=true (action-shape cycle),True,1,edit,ok,True,8,traj
OA01-M-03-pydata__xarray-3364,27,pydata__xarray-3364,T4_SEMANTIC,False,commands ran but no payload retained: cannot see effect without a judge,False,1,submit,ok,False,1,traj
OA01-M-04-matplotlib__matplotlib-25332,0,matplotlib__matplotlib-25332,T4_SEMANTIC,False,"clean exit, non-empty output, no repetition: needs judge or ground truth",True,3,inspect+inspect+inspect,ok,False,1,traj
OA01-M-04-matplotlib__matplotlib-25332,1,matplotlib__matplotlib-25332,T4_SEMANTIC,False,"clean exit, non-empty output, no repetition: needs judge or ground truth",True,3,edit+edit+inspect,ok,False,1,traj
OA01-M-04-matplotlib__matplotlib-25332,2,matplotlib__matplotlib-25332,T4_SEMANTIC,False,"clean exit, non-empty output, no repetition: needs judge or ground truth",True,1,inspect,ok,False,1,traj
OA01-M-04-matplotlib__matplotlib-25332,3,matplotlib__matplotlib-25332,T4_SEMANTIC,False,"clean exit, non-empty output, no repetition: needs judge or ground truth",True,1,edit,ok,False,1,traj
OA01-M-04-matplotlib__matplotlib-25332,4,matplotlib__matplotlib-25332,T2_ENVIRONMENTAL,True,error text in output: 'cannot ',True,1,inspect,ok,False,2,traj
OA01-M-04-matplotlib__matplotlib-25332,5,matplotlib__matplotlib-25332,T3_PROGRESS,True,atlas loop_membership=true (action-shape cycle),True,1,inspect,ok,True,3,traj
OA01-M-04-matplotlib__matplotlib-25332,6,matplotlib__matplotlib-25332,T4_SEMANTIC,False,"clean exit, non-empty output, no repetition: needs judge or ground truth",True,1,edit,ok,False,2,traj
OA01-M-04-matplotlib__matplotlib-25332,7,matplotlib__matplotlib-25332,T2_ENVIRONMENTAL,True,empty tool output,True,1,edit,ok,False,3,traj
OA01-M-04-matplotlib__matplotlib-25332,8,matplotlib__matplotlib-25332,T2_ENVIRONMENTAL,True,empty tool output,True,1,edit,ok,True,4,traj
OA01-M-04-matplotlib__matplotlib-25332,9,matplotlib__matplotlib-25332,T3_PROGRESS,True,atlas loop_membership=true (action-shape cycle),True,1,edit,ok,True,5,traj
OA01-M-04-matplotlib__matplotlib-25332,10,matplotlib__matplotlib-25332,T4_SEMANTIC,False,commands ran but no payload retained: cannot see effect without a judge,False,1,submit,ok,False,1,traj
OA01-M-05-django__django-13925,0,django__django-13925,T4_SEMANTIC,False,"clean exit, non-empty output, no repetition: needs judge or ground truth",True,3,inspect+inspect+inspect,ok,False,1,traj
OA01-M-05-django__django-13925,1,django__django-13925,T4_SEMANTIC,False,"clean exit, non-empty output, no repetition: needs judge or ground truth",True,3,inspect+inspect+inspect,ok,False,2,traj
OA01-M-05-django__django-13925,2,django__django-13925,T3_PROGRESS,True,atlas loop_membership=true (action-shape cycle),True,3,inspect+inspect+inspect,ok,True,3,traj
OA01-M-05-django__django-13925,3,django__django-13925,T4_SEMANTIC,False,"clean exit, non-empty output, no repetition: needs judge or ground truth",True,1,inspect,ok,False,1,traj
OA01-M-05-django__django-13925,4,django__django-13925,T4_SEMANTIC,False,"clean exit, non-empty output, no repetition: needs judge or ground truth",True,1,inspect,ok,False,2,traj
OA01-M-05-django__django-13925,5,django__django-13925,T3_PROGRESS,True,atlas loop_membership=true (action-shape cycle),True,1,inspect,ok,True,3,traj
OA01-M-05-django__django-13925,6,django__django-13925,T2_ENVIRONMENTAL,True,empty tool output,True,1,edit,ok,False,1,traj
OA01-M-05-django__django-13925,7,django__django-13925,T2_ENVIRONMENTAL,True,empty tool output,True,1,edit,ok,False,2,traj
OA01-M-05-django__django-13925,8,django__django-13925,T1_STRUCTURAL,True,no tool call emitted on a non-terminal turn (scaffold requires one),False,1,reason_or_finalize,ok,False,1,traj
OA01-M-05-django__django-13925,9,django__django-13925,T3_PROGRESS,True,exact repeat of an earlier command: 'echo COMPLETE_TASK_AND_SUBMIT_FINAL_OUTPUT && cat patch.txt',False,1,submit,ok,False,1,api_boundary
OA01-M-06-sphinx-doc__sphinx-8435,0,sphinx-doc__sphinx-8435,T2_ENVIRONMENTAL,True,error text in output: 'ImportError',True,3,inspect+inspect+inspect,ok,False,1,traj
OA01-M-06-sphinx-doc__sphinx-8435,1,sphinx-doc__sphinx-8435,T4_SEMANTIC,False,"clean exit, non-empty output, no repetition: needs judge or ground truth",True,1,inspect,ok,False,1,traj
OA01-M-06-sphinx-doc__sphinx-8435,2,sphinx-doc__sphinx-8435,T4_SEMANTIC,False,"clean exit, non-empty output, no repetition: needs judge or ground truth",True,1,inspect,ok,False,2,traj
OA01-M-06-sphinx-doc__sphinx-8435,3,sphinx-doc__sphinx-8435,T4_SEMANTIC,False,"clean exit, non-empty output, no repetition: needs judge or ground truth",True,1,edit,ok,False,1,traj
OA01-M-06-sphinx-doc__sphinx-8435,4,sphinx-doc__sphinx-8435,T4_SEMANTIC,False,"clean exit, non-empty output, no repetition: needs judge or ground truth",True,1,edit,ok,False,2,traj
OA01-M-06-sphinx-doc__sphinx-8435,5,sphinx-doc__sphinx-8435,T3_PROGRESS,True,atlas loop_membership=true (action-shape cycle),True,1,edit,ok,True,3,traj
OA01-M-06-sphinx-doc__sphinx-8435,6,sphinx-doc__sphinx-8435,T2_ENVIRONMENTAL,True,error text in output: 'error:',True,1,edit,ok,True,4,traj
OA01-M-06-sphinx-doc__sphinx-8435,7,sphinx-doc__sphinx-8435,T2_ENVIRONMENTAL,True,error text in output: 'ImportError',True,1,edit,ok,True,5,traj
OA01-M-06-sphinx-doc__sphinx-8435,8,sphinx-doc__sphinx-8435,T3_PROGRESS,True,atlas loop_membership=true (action-shape cycle),True,1,edit,ok,True,6,traj
OA01-M-06-sphinx-doc__sphinx-8435,9,sphinx-doc__sphinx-8435,T4_SEMANTIC,False,"clean exit, non-empty output, no repetition: needs judge or ground truth",True,1,inspect,ok,False,3,traj
OA01-M-06-sphinx-doc__sphinx-8435,10,sphinx-doc__sphinx-8435,T3_PROGRESS,True,atlas loop_membership=true (action-shape cycle),True,1,inspect,ok,True,4,traj
OA01-M-06-sphinx-doc__sphinx-8435,11,sphinx-doc__sphinx-8435,T3_PROGRESS,True,atlas loop_membership=true (action-shape cycle),True,1,edit,ok,True,7,traj
OA01-M-06-sphinx-doc__sphinx-8435,12,sphinx-doc__sphinx-8435,T3_PROGRESS,True,atlas loop_membership=true (action-shape cycle),True,1,inspect,ok,True,5,traj
OA01-M-06-sphinx-doc__sphinx-8435,13,sphinx-doc__sphinx-8435,T3_PROGRESS,True,atlas loop_membership=true (action-shape cycle),True,1,edit,ok,True,8,traj
OA01-M-06-sphinx-doc__sphinx-8435,14,sphinx-doc__sphinx-8435,T3_PROGRESS,True,atlas loop_membership=true (action-shape cycle),True,1,edit,ok,True,9,traj
OA01-M-06-sphinx-doc__sphinx-8435,15,sphinx-doc__sphinx-8435,T2_ENVIRONMENTAL,True,error text in output: 'ImportError',True,1,edit,ok,True,10,traj
OA01-M-06-sphinx-doc__sphinx-8435,16,sphinx-doc__sphinx-8435,T3_PROGRESS,True,atlas loop_membership=true (action-shape cycle),True,1,edit,ok,True,11,traj
OA01-M-06-sphinx-doc__sphinx-8435,17,sphinx-doc__sphinx-8435,T2_ENVIRONMENTAL,True,empty tool output,True,1,edit,ok,True,12,traj
OA01-M-06-sphinx-doc__sphinx-8435,18,sphinx-doc__sphinx-8435,T2_ENVIRONMENTAL,True,empty tool output,True,1,edit,ok,True,13,traj
OA01-M-06-sphinx-doc__sphinx-8435,19,sphinx-doc__sphinx-8435,T2_ENVIRONMENTAL,True,empty tool output,True,1,edit,ok,True,14,traj
OA01-M-06-sphinx-doc__sphinx-8435,20,sphinx-doc__sphinx-8435,T2_ENVIRONMENTAL,True,empty tool output,True,1,edit,ok,True,15,traj
OA01-M-06-sphinx-doc__sphinx-8435,21,sphinx-doc__sphinx-8435,T3_PROGRESS,True,atlas loop_membership=true (action-shape cycle),True,1,edit,ok,True,16,traj
OA01-M-06-sphinx-doc__sphinx-8435,22,sphinx-doc__sphinx-8435,T1_STRUCTURAL,True,no tool call emitted on a non-terminal turn (scaffold requires one),False,1,reason_or_finalize,ok,False,1,traj
OA01-M-06-sphinx-doc__sphinx-8435,23,sphinx-doc__sphinx-8435,T3_PROGRESS,True,exact repeat of an earlier command: 'echo COMPLETE_TASK_AND_SUBMIT_FINAL_OUTPUT && cat patch.txt',False,1,submit,ok,False,1,api_boundary
OA01-M-07-mwaskom__seaborn-3407,0,mwaskom__seaborn-3407,T1_STRUCTURAL,True,no tool call emitted on a non-terminal turn (scaffold requires one),True,2,reason_or_finalize,ok,False,1,traj
OA01-M-07-mwaskom__seaborn-3407,1,mwaskom__seaborn-3407,T1_STRUCTURAL,True,no tool call emitted on a non-terminal turn (scaffold requires one),True,2,reason_or_finalize,ok,False,2,traj
OA01-M-07-mwaskom__seaborn-3407,2,mwaskom__seaborn-3407,T1_STRUCTURAL,True,tool-call count disagrees with parsed command count,True,1,inspect+inspect,ok,False,1,traj
OA01-M-07-mwaskom__seaborn-3407,3,mwaskom__seaborn-3407,T1_STRUCTURAL,True,tool-call count disagrees with parsed command count,True,1,inspect+inspect,ok,False,2,traj
OA01-M-07-mwaskom__seaborn-3407,4,mwaskom__seaborn-3407,T4_SEMANTIC,False,"clean exit, non-empty output, no repetition: needs judge or ground truth",True,1,edit,ok,False,1,traj
OA01-M-07-mwaskom__seaborn-3407,5,mwaskom__seaborn-3407,T2_ENVIRONMENTAL,True,empty tool output,True,1,edit,ok,False,2,traj
OA01-M-07-mwaskom__seaborn-3407,6,mwaskom__seaborn-3407,T3_PROGRESS,True,atlas loop_membership=true (action-shape cycle),True,1,edit,ok,True,3,traj
OA01-M-07-mwaskom__seaborn-3407,7,mwaskom__seaborn-3407,T2_ENVIRONMENTAL,True,empty tool output,True,1,inspect,ok,False,1,traj
OA01-M-07-mwaskom__seaborn-3407,8,mwaskom__seaborn-3407,T2_ENVIRONMENTAL,True,error text in output: 'No such file or directory',True,1,edit,ok,True,4,traj
OA01-M-07-mwaskom__seaborn-3407,9,mwaskom__seaborn-3407,T2_ENVIRONMENTAL,True,empty tool output,True,1,edit,ok,True,5,traj
OA01-M-07-mwaskom__seaborn-3407,10,mwaskom__seaborn-3407,T3_PROGRESS,True,exact repeat of an earlier command: 'cat patch.txt | head -40',True,1,edit,ok,True,6,traj
OA01-M-07-mwaskom__seaborn-3407,11,mwaskom__seaborn-3407,T3_PROGRESS,True,atlas loop_membership=true (action-shape cycle),False,1,edit,ok,True,7,traj
OA01-M-07-mwaskom__seaborn-3407,12,mwaskom__seaborn-3407,T3_PROGRESS,True,exact repeat of an earlier command: 'cat patch.txt | head -40',False,1,edit,ok,True,8,api_boundary
OA01-M-07-mwaskom__seaborn-3407,13,mwaskom__seaborn-3407,T1_STRUCTURAL,True,no tool call emitted on a non-terminal turn (scaffold requires one),False,0,reason_or_finalize,ok,False,3,api_boundary
OA01-M-07-mwaskom__seaborn-3407,14,mwaskom__seaborn-3407,T3_PROGRESS,True,exact repeat of an earlier command: 'echo COMPLETE_TASK_AND_SUBMIT_FINAL_OUTPUT && cat patch.txt',False,1,submit,ok,False,1,api_boundary
OA01-M-08-pylint-dev__pylint-7228,0,pylint-dev__pylint-7228,T2_ENVIRONMENTAL,True,returncode=2,True,2,inspect+inspect,ok,False,1,traj
OA01-M-08-pylint-dev__pylint-7228,1,pylint-dev__pylint-7228,T4_SEMANTIC,False,"clean exit, non-empty output, no repetition: needs judge or ground truth",True,2,inspect+inspect,ok,False,2,traj
OA01-M-08-pylint-dev__pylint-7228,2,pylint-dev__pylint-7228,T4_SEMANTIC,False,"clean exit, non-empty output, no repetition: needs judge or ground truth",True,1,inspect,ok,False,1,traj
OA01-M-08-pylint-dev__pylint-7228,3,pylint-dev__pylint-7228,T3_PROGRESS,True,atlas loop_membership=true (action-shape cycle),True,1,inspect,ok,True,2,traj
OA01-M-08-pylint-dev__pylint-7228,4,pylint-dev__pylint-7228,T2_ENVIRONMENTAL,True,returncode=2,True,1,edit,ok,True,1,traj
OA01-M-08-pylint-dev__pylint-7228,5,pylint-dev__pylint-7228,T3_PROGRESS,True,atlas loop_membership=true (action-shape cycle),True,1,inspect,ok,True,3,traj
OA01-M-08-pylint-dev__pylint-7228,6,pylint-dev__pylint-7228,T2_ENVIRONMENTAL,True,returncode=2,True,1,edit,ok,True,2,traj
OA01-M-08-pylint-dev__pylint-7228,7,pylint-dev__pylint-7228,T2_ENVIRONMENTAL,True,empty tool output,True,1,edit,ok,True,3,traj
OA01-M-08-pylint-dev__pylint-7228,8,pylint-dev__pylint-7228,T2_ENVIRONMENTAL,True,empty tool output,True,1,edit,ok,True,4,traj
OA01-M-08-pylint-dev__pylint-7228,9,pylint-dev__pylint-7228,T3_PROGRESS,True,atlas loop_membership=true (action-shape cycle),True,1,edit,ok,True,5,traj
OA01-M-08-pylint-dev__pylint-7228,10,pylint-dev__pylint-7228,T4_SEMANTIC,False,commands ran but no payload retained: cannot see effect without a judge,False,1,submit,ok,False,1,traj
OA01-M-09-scikit-learn__scikit-learn-13241,0,scikit-learn__scikit-learn-13241,T4_SEMANTIC,False,"clean exit, non-empty output, no repetition: needs judge or ground truth",True,2,inspect+inspect,ok,False,1,traj
OA01-M-09-scikit-learn__scikit-learn-13241,1,scikit-learn__scikit-learn-13241,T4_SEMANTIC,False,"clean exit, non-empty output, no repetition: needs judge or ground truth",True,1,inspect,ok,False,1,traj
OA01-M-09-scikit-learn__scikit-learn-13241,2,scikit-learn__scikit-learn-13241,T4_SEMANTIC,False,"clean exit, non-empty output, no repetition: needs judge or ground truth",True,1,inspect,ok,False,2,traj
OA01-M-09-scikit-learn__scikit-learn-13241,3,scikit-learn__scikit-learn-13241,T3_PROGRESS,True,atlas loop_membership=true (action-shape cycle),True,1,inspect,ok,True,3,traj
OA01-M-09-scikit-learn__scikit-learn-13241,4,scikit-learn__scikit-learn-13241,T3_PROGRESS,True,atlas loop_membership=true (action-shape cycle),True,1,inspect,ok,True,4,traj
OA01-M-09-scikit-learn__scikit-learn-13241,5,scikit-learn__scikit-learn-13241,T3_PROGRESS,True,atlas loop_membership=true (action-shape cycle),True,1,inspect,ok,True,5,traj
OA01-M-09-scikit-learn__scikit-learn-13241,6,scikit-learn__scikit-learn-13241,T3_PROGRESS,True,atlas loop_membership=true (action-shape cycle),True,1,inspect,ok,True,6,traj
OA01-M-09-scikit-learn__scikit-learn-13241,7,scikit-learn__scikit-learn-13241,T3_PROGRESS,True,atlas loop_membership=true (action-shape cycle),True,1,inspect,ok,True,7,traj
OA01-M-09-scikit-learn__scikit-learn-13241,8,scikit-learn__scikit-learn-13241,T3_PROGRESS,True,atlas loop_membership=true (action-shape cycle),True,1,inspect,ok,True,8,traj
OA01-M-09-scikit-learn__scikit-learn-13241,9,scikit-learn__scikit-learn-13241,T3_PROGRESS,True,atlas loop_membership=true (action-shape cycle),True,1,inspect,ok,True,9,traj
OA01-M-09-scikit-learn__scikit-learn-13241,10,scikit-learn__scikit-learn-13241,T3_PROGRESS,True,atlas loop_membership=true (action-shape cycle),True,1,inspect,ok,True,10,traj
OA01-M-09-scikit-learn__scikit-learn-13241,11,scikit-learn__scikit-learn-13241,T2_ENVIRONMENTAL,True,returncode=1,True,1,inspect,ok,True,11,traj
OA01-M-09-scikit-learn__scikit-learn-13241,12,scikit-learn__scikit-learn-13241,T3_PROGRESS,True,atlas loop_membership=true (action-shape cycle),True,1,inspect,ok,True,12,traj
OA01-M-09-scikit-learn__scikit-learn-13241,13,scikit-learn__scikit-learn-13241,T3_PROGRESS,True,atlas loop_membership=true (action-shape cycle),True,1,inspect,ok,True,13,traj
OA01-M-09-scikit-learn__scikit-learn-13241,14,scikit-learn__scikit-learn-13241,T2_ENVIRONMENTAL,True,empty tool output,True,1,edit,ok,False,1,traj
OA01-M-09-scikit-learn__scikit-learn-13241,15,scikit-learn__scikit-learn-13241,T2_ENVIRONMENTAL,True,empty tool output,True,1,edit,ok,False,2,traj
OA01-M-09-scikit-learn__scikit-learn-13241,16,scikit-learn__scikit-learn-13241,T2_ENVIRONMENTAL,True,empty tool output,True,1,edit,ok,True,3,traj
OA01-M-09-scikit-learn__scikit-learn-13241,17,scikit-learn__scikit-learn-13241,T3_PROGRESS,True,atlas loop_membership=true (action-shape cycle),True,1,edit,ok,True,4,traj
OA01-M-09-scikit-learn__scikit-learn-13241,18,scikit-learn__scikit-learn-13241,T3_PROGRESS,True,atlas loop_membership=true (action-shape cycle),True,1,edit,ok,True,5,traj
OA01-M-09-scikit-learn__scikit-learn-13241,19,scikit-learn__scikit-learn-13241,T3_PROGRESS,True,atlas loop_membership=true (action-shape cycle),True,1,edit,ok,True,6,traj
OA01-M-09-scikit-learn__scikit-learn-13241,20,scikit-learn__scikit-learn-13241,T3_PROGRESS,True,atlas loop_membership=true (action-shape cycle),True,1,edit,ok,True,7,traj
OA01-M-09-scikit-learn__scikit-learn-13241,21,scikit-learn__scikit-learn-13241,T2_ENVIRONMENTAL,True,empty tool output,True,1,edit,ok,True,8,traj
OA01-M-09-scikit-learn__scikit-learn-13241,22,scikit-learn__scikit-learn-13241,T3_PROGRESS,True,exact repeat of an earlier command: 'head -40 patch.txt',True,1,edit,ok,True,9,traj
OA01-M-09-scikit-learn__scikit-learn-13241,23,scikit-learn__scikit-learn-13241,T2_ENVIRONMENTAL,True,empty tool output,True,1,edit,ok,True,10,traj
OA01-M-09-scikit-learn__scikit-learn-13241,24,scikit-learn__scikit-learn-13241,T2_ENVIRONMENTAL,True,empty tool output,True,1,edit,ok,True,11,traj
OA01-M-09-scikit-learn__scikit-learn-13241,25,scikit-learn__scikit-learn-13241,T3_PROGRESS,True,atlas loop_membership=true (action-shape cycle),True,1,edit,ok,True,12,traj
OA01-M-09-scikit-learn__scikit-learn-13241,26,scikit-learn__scikit-learn-13241,T2_ENVIRONMENTAL,True,empty tool output,True,1,edit,ok,True,13,traj
OA01-M-09-scikit-learn__scikit-learn-13241,27,scikit-learn__scikit-learn-13241,T3_PROGRESS,True,exact repeat of an earlier command: 'head -60 patch.txt',True,1,edit,ok,True,14,traj
OA01-M-09-scikit-learn__scikit-learn-13241,28,scikit-learn__scikit-learn-13241,T2_ENVIRONMENTAL,True,returncode=1,True,1,edit,ok,True,15,traj
OA01-M-09-scikit-learn__scikit-learn-13241,29,scikit-learn__scikit-learn-13241,T2_ENVIRONMENTAL,True,returncode=1,True,1,inspect,ok,False,14,traj
OA01-M-09-scikit-learn__scikit-learn-13241,30,scikit-learn__scikit-learn-13241,T4_SEMANTIC,False,"clean exit, non-empty output, no repetition: needs judge or ground truth",True,1,inspect,ok,False,15,traj
OA01-M-09-scikit-learn__scikit-learn-13241,31,scikit-learn__scikit-learn-13241,T2_ENVIRONMENTAL,True,empty tool output,True,1,edit,ok,False,16,traj
OA01-M-09-scikit-learn__scikit-learn-13241,32,scikit-learn__scikit-learn-13241,T2_ENVIRONMENTAL,True,empty tool output,True,1,edit,ok,False,17,traj
OA01-M-09-scikit-learn__scikit-learn-13241,33,scikit-learn__scikit-learn-13241,T2_ENVIRONMENTAL,True,returncode=1,True,1,inspect,ok,False,16,traj
OA01-M-09-scikit-learn__scikit-learn-13241,34,scikit-learn__scikit-learn-13241,T2_ENVIRONMENTAL,True,returncode=2,True,1,inspect,ok,False,17,traj
OA01-M-09-scikit-learn__scikit-learn-13241,35,scikit-learn__scikit-learn-13241,T3_PROGRESS,True,atlas loop_membership=true (action-shape cycle),True,1,inspect,ok,True,18,traj
OA01-M-09-scikit-learn__scikit-learn-13241,36,scikit-learn__scikit-learn-13241,T3_PROGRESS,True,atlas loop_membership=true (action-shape cycle),True,1,inspect,ok,True,19,traj
OA01-M-09-scikit-learn__scikit-learn-13241,37,scikit-learn__scikit-learn-13241,T2_ENVIRONMENTAL,True,empty tool output,True,1,edit,ok,False,18,traj
OA01-M-09-scikit-learn__scikit-learn-13241,38,scikit-learn__scikit-learn-13241,T2_ENVIRONMENTAL,True,empty tool output,True,1,edit,ok,False,19,traj
OA01-M-09-scikit-learn__scikit-learn-13241,39,scikit-learn__scikit-learn-13241,T3_PROGRESS,True,exact repeat of an earlier command: 'head -40 patch.txt',True,1,edit,ok,True,20,traj
OA01-M-09-scikit-learn__scikit-learn-13241,40,scikit-learn__scikit-learn-13241,T4_SEMANTIC,False,commands ran but no payload retained: cannot see effect without a judge,False,1,submit,ok,False,1,traj
OA01-M-10-matplotlib__matplotlib-25433,0,matplotlib__matplotlib-25433,T4_SEMANTIC,False,commands ran but no payload retained: cannot see effect without a judge,False,1,inspect,ok,False,1,api_boundary
OA01-M-10-matplotlib__matplotlib-25433,1,matplotlib__matplotlib-25433,T4_SEMANTIC,False,commands ran but no payload retained: cannot see effect without a judge,False,1,inspect,ok,False,2,api_boundary
OA01-M-10-matplotlib__matplotlib-25433,2,matplotlib__matplotlib-25433,T3_PROGRESS,True,atlas loop_membership=true (action-shape cycle),False,1,inspect,ok,True,3,api_boundary
OA01-M-10-matplotlib__matplotlib-25433,3,matplotlib__matplotlib-25433,T3_PROGRESS,True,atlas loop_membership=true (action-shape cycle),False,1,inspect,ok,True,4,api_boundary
OA01-M-10-matplotlib__matplotlib-25433,4,matplotlib__matplotlib-25433,T3_PROGRESS,True,atlas loop_membership=true (action-shape cycle),False,1,inspect,ok,True,5,api_boundary
OA01-M-10-matplotlib__matplotlib-25433,5,matplotlib__matplotlib-25433,T3_PROGRESS,True,atlas loop_membership=true (action-shape cycle),False,1,inspect,ok,True,6,api_boundary
OA01-M-10-matplotlib__matplotlib-25433,6,matplotlib__matplotlib-25433,T3_PROGRESS,True,atlas loop_membership=true (action-shape cycle),False,1,inspect,ok,True,7,api_boundary
OA01-M-10-matplotlib__matplotlib-25433,7,matplotlib__matplotlib-25433,T3_PROGRESS,True,atlas loop_membership=true (action-shape cycle),False,1,inspect,ok,True,8,api_boundary
OA01-M-10-matplotlib__matplotlib-25433,8,matplotlib__matplotlib-25433,T3_PROGRESS,True,atlas loop_membership=true (action-shape cycle),False,1,edit,ok,True,1,api_boundary
OA01-M-10-matplotlib__matplotlib-25433,9,matplotlib__matplotlib-25433,T3_PROGRESS,True,atlas loop_membership=true (action-shape cycle),False,1,inspect,ok,True,9,api_boundary
OA01-M-10-matplotlib__matplotlib-25433,10,matplotlib__matplotlib-25433,T3_PROGRESS,True,atlas loop_membership=true (action-shape cycle),False,1,edit,ok,True,2,api_boundary
OA01-M-10-matplotlib__matplotlib-25433,11,matplotlib__matplotlib-25433,T3_PROGRESS,True,atlas loop_membership=true (action-shape cycle),False,1,inspect,ok,True,10,api_boundary
OA01-M-10-matplotlib__matplotlib-25433,12,matplotlib__matplotlib-25433,T3_PROGRESS,True,atlas loop_membership=true (action-shape cycle),False,1,edit,ok,True,3,api_boundary
OA01-M-10-matplotlib__matplotlib-25433,13,matplotlib__matplotlib-25433,T3_PROGRESS,True,atlas loop_membership=true (action-shape cycle),False,1,inspect,ok,True,11,api_boundary
OA01-M-10-matplotlib__matplotlib-25433,14,matplotlib__matplotlib-25433,T3_PROGRESS,True,atlas loop_membership=true (action-shape cycle),False,1,edit,ok,True,4,api_boundary
OA01-M-10-matplotlib__matplotlib-25433,15,matplotlib__matplotlib-25433,T3_PROGRESS,True,atlas loop_membership=true (action-shape cycle),False,1,edit,ok,True,5,api_boundary
OA01-M-10-matplotlib__matplotlib-25433,16,matplotlib__matplotlib-25433,T3_PROGRESS,True,atlas loop_membership=true (action-shape cycle),False,1,edit,ok,True,6,api_boundary
OA01-M-10-matplotlib__matplotlib-25433,17,matplotlib__matplotlib-25433,T4_SEMANTIC,False,commands ran but no payload retained: cannot see effect without a judge,False,1,inspect,ok,False,12,api_boundary
OA01-M-10-matplotlib__matplotlib-25433,18,matplotlib__matplotlib-25433,T3_PROGRESS,True,atlas loop_membership=true (action-shape cycle),False,1,edit,ok,True,7,api_boundary
OA01-M-10-matplotlib__matplotlib-25433,19,matplotlib__matplotlib-25433,T3_PROGRESS,True,atlas loop_membership=true (action-shape cycle),False,1,edit,ok,True,8,api_boundary
OA01-M-10-matplotlib__matplotlib-25433,20,matplotlib__matplotlib-25433,T4_SEMANTIC,False,commands ran but no payload retained: cannot see effect without a judge,False,1,inspect,ok,False,13,api_boundary
OA01-M-10-matplotlib__matplotlib-25433,21,matplotlib__matplotlib-25433,T3_PROGRESS,True,atlas loop_membership=true (action-shape cycle),False,1,edit,ok,True,9,api_boundary
OA01-M-10-matplotlib__matplotlib-25433,22,matplotlib__matplotlib-25433,T3_PROGRESS,True,atlas loop_membership=true (action-shape cycle),False,1,edit,ok,True,10,api_boundary
OA01-M-10-matplotlib__matplotlib-25433,23,matplotlib__matplotlib-25433,T3_PROGRESS,True,atlas loop_membership=true (action-shape cycle),False,1,edit,ok,True,11,api_boundary
OA01-M-10-matplotlib__matplotlib-25433,24,matplotlib__matplotlib-25433,T4_SEMANTIC,False,commands ran but no payload retained: cannot see effect without a judge,False,1,inspect,ok,False,14,api_boundary
OA01-M-10-matplotlib__matplotlib-25433,25,matplotlib__matplotlib-25433,T4_SEMANTIC,False,commands ran but no payload retained: cannot see effect without a judge,False,1,inspect,ok,False,15,api_boundary
OA01-M-10-matplotlib__matplotlib-25433,26,matplotlib__matplotlib-25433,T4_SEMANTIC,False,commands ran but no payload retained: cannot see effect without a judge,False,1,edit,ok,False,12,api_boundary
OA01-M-10-matplotlib__matplotlib-25433,27,matplotlib__matplotlib-25433,T4_SEMANTIC,False,commands ran but no payload retained: cannot see effect without a judge,False,1,edit,ok,False,13,api_boundary
OA01-M-10-matplotlib__matplotlib-25433,28,matplotlib__matplotlib-25433,T3_PROGRESS,True,"exact repeat of an earlier command: 'awk \'NR>=940&&NR<=975{print NR "": "" $0}\' /testbed/lib/matplotlib/widge'",False,1,edit,ok,True,14,api_boundary
OA01-M-10-matplotlib__matplotlib-25433,29,matplotlib__matplotlib-25433,T4_SEMANTIC,False,commands ran but no payload retained: cannot see effect without a judge,False,1,inspect,ok,False,16,api_boundary
OA01-M-10-matplotlib__matplotlib-25433,30,matplotlib__matplotlib-25433,T3_PROGRESS,True,atlas loop_membership=true (action-shape cycle),False,1,edit,ok,True,15,api_boundary
OA01-M-10-matplotlib__matplotlib-25433,31,matplotlib__matplotlib-25433,T3_PROGRESS,True,atlas loop_membership=true (action-shape cycle),False,1,edit,ok,True,16,api_boundary
OA01-M-10-matplotlib__matplotlib-25433,32,matplotlib__matplotlib-25433,T3_PROGRESS,True,atlas loop_membership=true (action-shape cycle),False,1,edit,ok,True,17,api_boundary
OA01-M-10-matplotlib__matplotlib-25433,33,matplotlib__matplotlib-25433,T3_PROGRESS,True,atlas loop_membership=true (action-shape cycle),False,1,edit,ok,True,18,api_boundary
OA01-M-10-matplotlib__matplotlib-25433,34,matplotlib__matplotlib-25433,T3_PROGRESS,True,atlas loop_membership=true (action-shape cycle),False,1,edit,ok,True,19,api_boundary
OA01-M-10-matplotlib__matplotlib-25433,35,matplotlib__matplotlib-25433,T4_SEMANTIC,False,commands ran but no payload retained: cannot see effect without a judge,False,1,inspect,ok,False,17,api_boundary
OA01-M-10-matplotlib__matplotlib-25433,36,matplotlib__matplotlib-25433,T3_PROGRESS,True,atlas loop_membership=true (action-shape cycle),False,1,edit,ok,True,20,api_boundary
OA01-M-10-matplotlib__matplotlib-25433,37,matplotlib__matplotlib-25433,T3_PROGRESS,True,atlas loop_membership=true (action-shape cycle),False,1,edit,ok,True,21,api_boundary
OA01-M-10-matplotlib__matplotlib-25433,38,matplotlib__matplotlib-25433,T3_PROGRESS,True,atlas loop_membership=true (action-shape cycle),False,1,edit,ok,True,22,api_boundary
OA01-M-10-matplotlib__matplotlib-25433,39,matplotlib__matplotlib-25433,T3_PROGRESS,True,atlas loop_membership=true (action-shape cycle),False,1,edit,ok,True,23,api_boundary
OA01-M-10-matplotlib__matplotlib-25433,40,matplotlib__matplotlib-25433,T3_PROGRESS,True,atlas loop_membership=true (action-shape cycle),False,1,edit,ok,True,24,api_boundary
OA01-M-10-matplotlib__matplotlib-25433,41,matplotlib__matplotlib-25433,T3_PROGRESS,True,atlas loop_membership=true (action-shape cycle),False,1,edit,ok,True,25,api_boundary
OA01-M-10-matplotlib__matplotlib-25433,42,matplotlib__matplotlib-25433,T3_PROGRESS,True,atlas loop_membership=true (action-shape cycle),False,1,edit,ok,True,26,api_boundary
OA01-M-10-matplotlib__matplotlib-25433,43,matplotlib__matplotlib-25433,T3_PROGRESS,True,atlas loop_membership=true (action-shape cycle),False,1,edit,ok,True,27,api_boundary
OA01-M-10-matplotlib__matplotlib-25433,44,matplotlib__matplotlib-25433,T3_PROGRESS,True,atlas loop_membership=true (action-shape cycle),False,1,edit,ok,True,28,api_boundary
OA01-M-10-matplotlib__matplotlib-25433,45,matplotlib__matplotlib-25433,T3_PROGRESS,True,atlas loop_membership=true (action-shape cycle),False,1,edit,ok,True,29,api_boundary
OA01-M-10-matplotlib__matplotlib-25433,46,matplotlib__matplotlib-25433,T3_PROGRESS,True,"exact repeat of an earlier command: 'awk \'NR>=990&&NR<=999{print NR "": "" $0}\' /testbed/lib/matplotlib/pyplo'",False,1,edit,ok,True,30,api_boundary
OA01-M-10-matplotlib__matplotlib-25433,47,matplotlib__matplotlib-25433,T3_PROGRESS,True,atlas loop_membership=true (action-shape cycle),False,1,edit,ok,True,31,api_boundary
OA01-M-10-matplotlib__matplotlib-25433,48,matplotlib__matplotlib-25433,T3_PROGRESS,True,atlas loop_membership=true (action-shape cycle),False,1,edit,ok,True,32,api_boundary
OA01-M-10-matplotlib__matplotlib-25433,49,matplotlib__matplotlib-25433,T3_PROGRESS,True,atlas loop_membership=true (action-shape cycle),False,1,edit,ok,True,33,api_boundary
OA01-M-10-matplotlib__matplotlib-25433,50,matplotlib__matplotlib-25433,T2_ENVIRONMENTAL,True,atlas turn status=error,False,0,reason_or_finalize,error,False,1,api_boundary
OA01-M-11-scikit-learn__scikit-learn-25638,0,scikit-learn__scikit-learn-25638,T4_SEMANTIC,False,"clean exit, non-empty output, no repetition: needs judge or ground truth",True,1,inspect,ok,False,1,traj
OA01-M-11-scikit-learn__scikit-learn-25638,1,scikit-learn__scikit-learn-25638,T4_SEMANTIC,False,"clean exit, non-empty output, no repetition: needs judge or ground truth",True,1,inspect,ok,False,2,traj
OA01-M-11-scikit-learn__scikit-learn-25638,2,scikit-learn__scikit-learn-25638,T3_PROGRESS,True,atlas loop_membership=true (action-shape cycle),True,1,inspect,ok,True,3,traj
OA01-M-11-scikit-learn__scikit-learn-25638,3,scikit-learn__scikit-learn-25638,T3_PROGRESS,True,atlas loop_membership=true (action-shape cycle),True,1,inspect,ok,True,4,traj
OA01-M-11-scikit-learn__scikit-learn-25638,4,scikit-learn__scikit-learn-25638,T3_PROGRESS,True,atlas loop_membership=true (action-shape cycle),True,1,inspect,ok,True,5,traj
OA01-M-11-scikit-learn__scikit-learn-25638,5,scikit-learn__scikit-learn-25638,T3_PROGRESS,True,atlas loop_membership=true (action-shape cycle),True,1,inspect,ok,True,6,traj
OA01-M-11-scikit-learn__scikit-learn-25638,6,scikit-learn__scikit-learn-25638,T3_PROGRESS,True,atlas loop_membership=true (action-shape cycle),True,1,inspect,ok,True,7,traj
OA01-M-11-scikit-learn__scikit-learn-25638,7,scikit-learn__scikit-learn-25638,T3_PROGRESS,True,atlas loop_membership=true (action-shape cycle),True,1,inspect,ok,True,8,traj
OA01-M-11-scikit-learn__scikit-learn-25638,8,scikit-learn__scikit-learn-25638,T3_PROGRESS,True,atlas loop_membership=true (action-shape cycle),True,1,inspect,ok,True,9,traj
OA01-M-11-scikit-learn__scikit-learn-25638,9,scikit-learn__scikit-learn-25638,T3_PROGRESS,True,atlas loop_membership=true (action-shape cycle),True,1,inspect,ok,True,10,traj
OA01-M-11-scikit-learn__scikit-learn-25638,10,scikit-learn__scikit-learn-25638,T2_ENVIRONMENTAL,True,error text in output: 'cannot ',True,1,inspect,ok,True,11,traj
OA01-M-11-scikit-learn__scikit-learn-25638,11,scikit-learn__scikit-learn-25638,T3_PROGRESS,True,atlas loop_membership=true (action-shape cycle),True,1,inspect,ok,True,12,traj
OA01-M-11-scikit-learn__scikit-learn-25638,12,scikit-learn__scikit-learn-25638,T3_PROGRESS,True,atlas loop_membership=true (action-shape cycle),True,1,inspect,ok,True,13,traj
OA01-M-11-scikit-learn__scikit-learn-25638,13,scikit-learn__scikit-learn-25638,T3_PROGRESS,True,atlas loop_membership=true (action-shape cycle),True,1,inspect,ok,True,14,traj
OA01-M-11-scikit-learn__scikit-learn-25638,14,scikit-learn__scikit-learn-25638,T3_PROGRESS,True,atlas loop_membership=true (action-shape cycle),True,1,inspect,ok,True,15,traj
OA01-M-11-scikit-learn__scikit-learn-25638,15,scikit-learn__scikit-learn-25638,T3_PROGRESS,True,atlas loop_membership=true (action-shape cycle),True,1,inspect,ok,True,16,traj
OA01-M-11-scikit-learn__scikit-learn-25638,16,scikit-learn__scikit-learn-25638,T3_PROGRESS,True,atlas loop_membership=true (action-shape cycle),True,1,inspect,ok,True,17,traj
OA01-M-11-scikit-learn__scikit-learn-25638,17,scikit-learn__scikit-learn-25638,T3_PROGRESS,True,atlas loop_membership=true (action-shape cycle),True,1,inspect,ok,True,18,traj
OA01-M-11-scikit-learn__scikit-learn-25638,18,scikit-learn__scikit-learn-25638,T3_PROGRESS,True,atlas loop_membership=true (action-shape cycle),True,1,inspect,ok,True,19,traj
OA01-M-11-scikit-learn__scikit-learn-25638,19,scikit-learn__scikit-learn-25638,T3_PROGRESS,True,atlas loop_membership=true (action-shape cycle),True,1,inspect,ok,True,20,traj
OA01-M-11-scikit-learn__scikit-learn-25638,20,scikit-learn__scikit-learn-25638,T4_SEMANTIC,False,"clean exit, non-empty output, no repetition: needs judge or ground truth",True,1,edit,ok,False,1,traj
OA01-M-11-scikit-learn__scikit-learn-25638,21,scikit-learn__scikit-learn-25638,T1_STRUCTURAL,True,no tool call emitted on a non-terminal turn (scaffold requires one),True,1,reason_or_finalize,ok,False,1,traj
OA01-M-11-scikit-learn__scikit-learn-25638,22,scikit-learn__scikit-learn-25638,T2_ENVIRONMENTAL,True,empty tool output,True,1,inspect,ok,False,21,traj
OA01-M-11-scikit-learn__scikit-learn-25638,23,scikit-learn__scikit-learn-25638,T2_ENVIRONMENTAL,True,error text in output: 'ImportError',True,1,edit,ok,False,2,traj
OA01-M-11-scikit-learn__scikit-learn-25638,24,scikit-learn__scikit-learn-25638,T1_STRUCTURAL,True,no tool call emitted on a non-terminal turn (scaffold requires one),False,1,reason_or_finalize,ok,False,2,traj
OA01-M-11-scikit-learn__scikit-learn-25638,25,scikit-learn__scikit-learn-25638,T3_PROGRESS,True,"exact repeat of an earlier command: ""sed -i '/def type_of_target/a\\\n    # BEGIN PATCH: Handle pandas nullab""",False,1,edit,ok,False,3,api_boundary
OA01-M-11-scikit-learn__scikit-learn-25638,26,scikit-learn__scikit-learn-25638,T3_PROGRESS,True,exact repeat of an earlier command: 'git diff -- /testbed/sklearn/utils/multiclass.py > patch.txt',False,1,edit,ok,True,4,api_boundary
OA01-M-11-scikit-learn__scikit-learn-25638,27,scikit-learn__scikit-learn-25638,T3_PROGRESS,True,exact repeat of an earlier command: 'head -40 patch.txt',False,1,edit,ok,True,5,api_boundary
OA01-M-11-scikit-learn__scikit-learn-25638,28,scikit-learn__scikit-learn-25638,T3_PROGRESS,True,exact repeat of an earlier command: 'echo COMPLETE_TASK_AND_SUBMIT_FINAL_OUTPUT && cat patch.txt',False,1,submit,ok,False,1,api_boundary
OA01-M-12-sympy__sympy-14308,0,sympy__sympy-14308,T4_SEMANTIC,False,"clean exit, non-empty output, no repetition: needs judge or ground truth",True,3,inspect+inspect+inspect,ok,False,1,traj
OA01-M-12-sympy__sympy-14308,1,sympy__sympy-14308,T4_SEMANTIC,False,"clean exit, non-empty output, no repetition: needs judge or ground truth",True,4,inspect+inspect+inspect+inspect,ok,False,1,traj
OA01-M-12-sympy__sympy-14308,2,sympy__sympy-14308,T4_SEMANTIC,False,"clean exit, non-empty output, no repetition: needs judge or ground truth",True,1,inspect,ok,False,1,traj
OA01-M-12-sympy__sympy-14308,3,sympy__sympy-14308,T4_SEMANTIC,False,"clean exit, non-empty output, no repetition: needs judge or ground truth",True,2,inspect+inspect,ok,False,1,traj
OA01-M-12-sympy__sympy-14308,4,sympy__sympy-14308,T4_SEMANTIC,False,"clean exit, non-empty output, no repetition: needs judge or ground truth",True,3,inspect+inspect+inspect,ok,False,2,traj
OA01-M-12-sympy__sympy-14308,5,sympy__sympy-14308,T4_SEMANTIC,False,"clean exit, non-empty output, no repetition: needs judge or ground truth",True,4,inspect+inspect+inspect+inspect,ok,False,2,traj
OA01-M-12-sympy__sympy-14308,6,sympy__sympy-14308,T4_SEMANTIC,False,"clean exit, non-empty output, no repetition: needs judge or ground truth",True,1,inspect,ok,False,2,traj
OA01-M-12-sympy__sympy-14308,7,sympy__sympy-14308,T4_SEMANTIC,False,"clean exit, non-empty output, no repetition: needs judge or ground truth",True,1,edit,ok,False,1,traj
OA01-M-12-sympy__sympy-14308,8,sympy__sympy-14308,T4_SEMANTIC,False,"clean exit, non-empty output, no repetition: needs judge or ground truth",True,1,inspect,ok,False,3,traj
OA01-M-12-sympy__sympy-14308,9,sympy__sympy-14308,T3_PROGRESS,True,atlas loop_membership=true (action-shape cycle),True,1,inspect,ok,True,4,traj
OA01-M-12-sympy__sympy-14308,10,sympy__sympy-14308,T3_PROGRESS,True,atlas loop_membership=true (action-shape cycle),True,1,inspect,ok,True,5,traj
OA01-M-12-sympy__sympy-14308,11,sympy__sympy-14308,T3_PROGRESS,True,atlas loop_membership=true (action-shape cycle),True,1,inspect,ok,True,6,traj
OA01-M-12-sympy__sympy-14308,12,sympy__sympy-14308,T2_ENVIRONMENTAL,True,returncode=1,True,1,shell_other,ok,False,1,traj
OA01-M-12-sympy__sympy-14308,13,sympy__sympy-14308,T2_ENVIRONMENTAL,True,empty tool output,True,1,edit,ok,False,2,traj
OA01-M-12-sympy__sympy-14308,14,sympy__sympy-14308,T4_SEMANTIC,False,"clean exit, non-empty output, no repetition: needs judge or ground truth",True,1,inspect,ok,False,7,traj
OA01-M-12-sympy__sympy-14308,15,sympy__sympy-14308,T2_ENVIRONMENTAL,True,empty tool output,True,1,edit,ok,False,3,traj
OA01-M-12-sympy__sympy-14308,16,sympy__sympy-14308,T3_PROGRESS,True,atlas loop_membership=true (action-shape cycle),True,1,edit,ok,True,4,traj
OA01-M-12-sympy__sympy-14308,17,sympy__sympy-14308,T4_SEMANTIC,False,commands ran but no payload retained: cannot see effect without a judge,False,1,submit,ok,False,1,traj
OA01-M-13-django__django-12708,0,django__django-12708,T2_ENVIRONMENTAL,True,returncode=1,True,4,inspect+inspect+inspect+inspect,ok,False,1,traj
OA01-M-13-django__django-12708,1,django__django-12708,T4_SEMANTIC,False,"clean exit, non-empty output, no repetition: needs judge or ground truth",True,1,inspect,ok,False,1,traj
OA01-M-13-django__django-12708,2,django__django-12708,T4_SEMANTIC,False,"clean exit, non-empty output, no repetition: needs judge or ground truth",True,1,inspect,ok,False,2,traj
OA01-M-13-django__django-12708,3,django__django-12708,T3_PROGRESS,True,atlas loop_membership=true (action-shape cycle),True,1,inspect,ok,True,3,traj
OA01-M-13-django__django-12708,4,django__django-12708,T4_SEMANTIC,False,"clean exit, non-empty output, no repetition: needs judge or ground truth",True,1,edit,ok,False,1,traj
OA01-M-13-django__django-12708,5,django__django-12708,T4_SEMANTIC,False,"clean exit, non-empty output, no repetition: needs judge or ground truth",True,1,edit,ok,False,2,traj
OA01-M-13-django__django-12708,6,django__django-12708,T3_PROGRESS,True,atlas loop_membership=true (action-shape cycle),True,1,edit,ok,True,3,traj
OA01-M-13-django__django-12708,7,django__django-12708,T3_PROGRESS,True,atlas loop_membership=true (action-shape cycle),True,1,inspect,ok,True,4,traj
OA01-M-13-django__django-12708,8,django__django-12708,T3_PROGRESS,True,atlas loop_membership=true (action-shape cycle),True,1,edit,ok,True,4,traj
OA01-M-13-django__django-12708,9,django__django-12708,T3_PROGRESS,True,atlas loop_membership=true (action-shape cycle),True,1,inspect,ok,True,5,traj
OA01-M-13-django__django-12708,10,django__django-12708,T3_PROGRESS,True,atlas loop_membership=true (action-shape cycle),True,1,inspect,ok,True,6,traj
OA01-M-13-django__django-12708,11,django__django-12708,T3_PROGRESS,True,atlas loop_membership=true (action-shape cycle),True,1,inspect,ok,True,7,traj
OA01-M-13-django__django-12708,12,django__django-12708,T4_SEMANTIC,False,"clean exit, non-empty output, no repetition: needs judge or ground truth",True,1,edit,ok,False,5,traj
OA01-M-13-django__django-12708,13,django__django-12708,T3_PROGRESS,True,atlas loop_membership=true (action-shape cycle),True,1,inspect,ok,True,8,traj
OA01-M-13-django__django-12708,14,django__django-12708,T3_PROGRESS,True,atlas loop_membership=true (action-shape cycle),True,1,inspect,ok,True,9,traj
OA01-M-13-django__django-12708,15,django__django-12708,T4_SEMANTIC,False,"clean exit, non-empty output, no repetition: needs judge or ground truth",True,4,inspect+inspect+inspect+inspect,ok,False,2,traj
OA01-M-13-django__django-12708,16,django__django-12708,T4_SEMANTIC,False,"clean exit, non-empty output, no repetition: needs judge or ground truth",True,1,edit,ok,False,6,traj
OA01-M-13-django__django-12708,17,django__django-12708,T4_SEMANTIC,False,"clean exit, non-empty output, no repetition: needs judge or ground truth",True,1,inspect,ok,False,10,traj
OA01-M-13-django__django-12708,18,django__django-12708,T4_SEMANTIC,False,"clean exit, non-empty output, no repetition: needs judge or ground truth",True,1,inspect,ok,False,11,traj
OA01-M-13-django__django-12708,19,django__django-12708,T3_PROGRESS,True,atlas loop_membership=true (action-shape cycle),True,1,inspect,ok,True,12,traj
OA01-M-13-django__django-12708,20,django__django-12708,T3_PROGRESS,True,atlas loop_membership=true (action-shape cycle),True,1,inspect,ok,True,13,traj
OA01-M-13-django__django-12708,21,django__django-12708,T3_PROGRESS,True,atlas loop_membership=true (action-shape cycle),True,1,inspect,ok,True,14,traj
OA01-M-13-django__django-12708,22,django__django-12708,T3_PROGRESS,True,atlas loop_membership=true (action-shape cycle),True,1,inspect,ok,True,15,traj
OA01-M-13-django__django-12708,23,django__django-12708,T2_ENVIRONMENTAL,True,returncode=1,True,1,inspect,ok,True,16,traj
OA01-M-13-django__django-12708,24,django__django-12708,T3_PROGRESS,True,atlas loop_membership=true (action-shape cycle),True,1,inspect,ok,True,17,traj
OA01-M-13-django__django-12708,25,django__django-12708,T3_PROGRESS,True,atlas loop_membership=true (action-shape cycle),True,1,inspect,ok,True,18,traj
OA01-M-13-django__django-12708,26,django__django-12708,T2_ENVIRONMENTAL,True,returncode=127,True,1,shell_other,ok,False,1,traj
OA01-M-13-django__django-12708,27,django__django-12708,T3_PROGRESS,True,atlas loop_membership=true (action-shape cycle),True,1,inspect,ok,True,19,traj
OA01-M-13-django__django-12708,28,django__django-12708,T4_SEMANTIC,False,"clean exit, non-empty output, no repetition: needs judge or ground truth",True,1,edit,ok,False,7,traj
OA01-M-13-django__django-12708,29,django__django-12708,T4_SEMANTIC,False,"clean exit, non-empty output, no repetition: needs judge or ground truth",True,1,inspect,ok,False,20,traj
OA01-M-13-django__django-12708,30,django__django-12708,T3_PROGRESS,True,atlas loop_membership=true (action-shape cycle),True,1,inspect,ok,True,21,traj
OA01-M-13-django__django-12708,31,django__django-12708,T3_PROGRESS,True,atlas loop_membership=true (action-shape cycle),True,1,inspect,ok,True,22,traj
OA01-M-13-django__django-12708,32,django__django-12708,T3_PROGRESS,True,atlas loop_membership=true (action-shape cycle),True,1,inspect,ok,True,23,traj
OA01-M-13-django__django-12708,33,django__django-12708,T4_SEMANTIC,False,"clean exit, non-empty output, no repetition: needs judge or ground truth",True,1,edit,ok,False,8,traj
OA01-M-13-django__django-12708,34,django__django-12708,T4_SEMANTIC,False,"clean exit, non-empty output, no repetition: needs judge or ground truth",True,1,edit,ok,False,9,traj
OA01-M-13-django__django-12708,35,django__django-12708,T2_ENVIRONMENTAL,True,empty tool output,True,1,shell_other,ok,False,2,traj
OA01-M-13-django__django-12708,36,django__django-12708,T2_ENVIRONMENTAL,True,empty tool output,True,1,edit,ok,True,10,traj
OA01-M-13-django__django-12708,37,django__django-12708,T2_ENVIRONMENTAL,True,empty tool output,True,1,edit,ok,True,11,traj
OA01-M-13-django__django-12708,38,django__django-12708,T2_ENVIRONMENTAL,True,empty tool output,True,1,edit,ok,True,12,traj
OA01-M-13-django__django-12708,39,django__django-12708,T2_ENVIRONMENTAL,True,empty tool output,True,1,shell_other,ok,False,3,traj
OA01-M-13-django__django-12708,40,django__django-12708,T2_ENVIRONMENTAL,True,empty tool output,True,1,edit,ok,True,13,traj
OA01-M-13-django__django-12708,41,django__django-12708,T3_PROGRESS,True,atlas loop_membership=true (action-shape cycle),True,1,edit,ok,True,14,traj
OA01-M-13-django__django-12708,42,django__django-12708,T4_SEMANTIC,False,commands ran but no payload retained: cannot see effect without a judge,False,1,submit,ok,False,1,traj
OA01-M-14-sympy__sympy-24152,0,sympy__sympy-24152,T2_ENVIRONMENTAL,True,returncode=2,True,3,inspect+inspect+inspect,ok,False,1,traj
OA01-M-14-sympy__sympy-24152,1,sympy__sympy-24152,T4_SEMANTIC,False,"clean exit, non-empty output, no repetition: needs judge or ground truth",True,2,edit+edit,ok,False,1,traj
OA01-M-14-sympy__sympy-24152,2,sympy__sympy-24152,T2_ENVIRONMENTAL,True,empty tool output,True,1,edit,ok,False,1,traj
OA01-M-14-sympy__sympy-24152,3,sympy__sympy-24152,T2_ENVIRONMENTAL,True,empty tool output,True,1,edit,ok,False,2,traj
OA01-M-14-sympy__sympy-24152,4,sympy__sympy-24152,T3_PROGRESS,True,atlas loop_membership=true (action-shape cycle),True,1,edit,ok,True,3,traj
OA01-M-14-sympy__sympy-24152,5,sympy__sympy-24152,T1_STRUCTURAL,True,no tool call emitted on a non-terminal turn (scaffold requires one),False,1,reason_or_finalize,ok,False,1,traj
OA01-M-14-sympy__sympy-24152,6,sympy__sympy-24152,T3_PROGRESS,True,exact repeat of an earlier command: 'echo COMPLETE_TASK_AND_SUBMIT_FINAL_OUTPUT && cat patch.txt',False,1,submit,ok,False,1,api_boundary
OA01-P-00-pallets__flask-4992,0,pallets__flask-4992,T4_SEMANTIC,False,"clean exit, non-empty output, no repetition: needs judge or ground truth",True,2,inspect+inspect,ok,False,1,traj
OA01-P-00-pallets__flask-4992,1,pallets__flask-4992,T4_SEMANTIC,False,"clean exit, non-empty output, no repetition: needs judge or ground truth",True,1,inspect,ok,False,1,traj
OA01-P-00-pallets__flask-4992,2,pallets__flask-4992,T4_SEMANTIC,False,"clean exit, non-empty output, no repetition: needs judge or ground truth",True,1,inspect,ok,False,2,traj
OA01-P-00-pallets__flask-4992,3,pallets__flask-4992,T4_SEMANTIC,False,"clean exit, non-empty output, no repetition: needs judge or ground truth",True,1,edit,ok,False,1,traj
OA01-P-00-pallets__flask-4992,4,pallets__flask-4992,T4_SEMANTIC,False,"clean exit, non-empty output, no repetition: needs judge or ground truth",True,1,edit,ok,False,2,traj
OA01-P-00-pallets__flask-4992,5,pallets__flask-4992,T2_ENVIRONMENTAL,True,returncode=2,True,1,edit,ok,True,3,traj
OA01-P-00-pallets__flask-4992,6,pallets__flask-4992,T2_ENVIRONMENTAL,True,empty tool output,True,3,edit+edit+edit,ok,False,1,traj
OA01-P-00-pallets__flask-4992,7,pallets__flask-4992,T3_PROGRESS,True,atlas loop_membership=true (action-shape cycle),True,1,edit,ok,True,4,traj
OA01-P-00-pallets__flask-4992,8,pallets__flask-4992,T3_PROGRESS,True,atlas loop_membership=true (action-shape cycle),True,1,edit,ok,True,5,traj
OA01-P-00-pallets__flask-4992,9,pallets__flask-4992,T3_PROGRESS,True,atlas loop_membership=true (action-shape cycle),True,1,edit,ok,True,6,traj
OA01-P-00-pallets__flask-4992,10,pallets__flask-4992,T3_PROGRESS,True,atlas loop_membership=true (action-shape cycle),True,1,edit,ok,True,7,traj
OA01-P-00-pallets__flask-4992,11,pallets__flask-4992,T3_PROGRESS,True,atlas loop_membership=true (action-shape cycle),True,1,edit,ok,True,8,traj
OA01-P-00-pallets__flask-4992,12,pallets__flask-4992,T3_PROGRESS,True,atlas loop_membership=true (action-shape cycle),True,1,edit,ok,True,9,traj
OA01-P-00-pallets__flask-4992,13,pallets__flask-4992,T2_ENVIRONMENTAL,True,empty tool output,True,1,edit,ok,True,10,traj
OA01-P-00-pallets__flask-4992,14,pallets__flask-4992,T3_PROGRESS,True,atlas loop_membership=true (action-shape cycle),True,1,edit,ok,True,11,traj
OA01-P-00-pallets__flask-4992,15,pallets__flask-4992,T3_PROGRESS,True,atlas loop_membership=true (action-shape cycle),True,1,edit,ok,True,12,traj
OA01-P-00-pallets__flask-4992,16,pallets__flask-4992,T1_STRUCTURAL,True,no tool call emitted on a non-terminal turn (scaffold requires one),False,1,reason_or_finalize,ok,False,1,traj
OA01-P-00-pallets__flask-4992,17,pallets__flask-4992,T3_PROGRESS,True,exact repeat of an earlier command: 'echo COMPLETE_TASK_AND_SUBMIT_FINAL_OUTPUT && cat patch.txt',False,1,submit,ok,False,1,api_boundary
OA01-P-01-django__django-14608,0,django__django-14608,T4_SEMANTIC,False,"clean exit, non-empty output, no repetition: needs judge or ground truth",True,3,inspect+inspect+inspect,ok,False,1,traj
OA01-P-01-django__django-14608,1,django__django-14608,T4_SEMANTIC,False,"clean exit, non-empty output, no repetition: needs judge or ground truth",True,1,inspect,ok,False,1,traj
OA01-P-01-django__django-14608,2,django__django-14608,T4_SEMANTIC,False,"clean exit, non-empty output, no repetition: needs judge or ground truth",True,1,inspect,ok,False,2,traj
OA01-P-01-django__django-14608,3,django__django-14608,T3_PROGRESS,True,atlas loop_membership=true (action-shape cycle),True,1,inspect,ok,True,3,traj
OA01-P-01-django__django-14608,4,django__django-14608,T2_ENVIRONMENTAL,True,empty tool output,True,1,edit,ok,False,1,traj
OA01-P-01-django__django-14608,5,django__django-14608,T2_ENVIRONMENTAL,True,returncode=2,True,1,edit,ok,True,2,traj
OA01-P-01-django__django-14608,6,django__django-14608,T3_PROGRESS,True,atlas loop_membership=true (action-shape cycle),True,1,inspect,ok,True,4,traj
OA01-P-01-django__django-14608,7,django__django-14608,T2_ENVIRONMENTAL,True,empty tool output,True,1,edit,ok,True,3,traj
OA01-P-01-django__django-14608,8,django__django-14608,T3_PROGRESS,True,atlas loop_membership=true (action-shape cycle),True,1,inspect,ok,True,5,traj
OA01-P-01-django__django-14608,9,django__django-14608,T2_ENVIRONMENTAL,True,empty tool output,True,1,edit,ok,True,4,traj
OA01-P-01-django__django-14608,10,django__django-14608,T3_PROGRESS,True,atlas loop_membership=true (action-shape cycle),True,1,edit,ok,True,5,traj
OA01-P-01-django__django-14608,11,django__django-14608,T4_SEMANTIC,False,commands ran but no payload retained: cannot see effect without a judge,False,1,submit,ok,False,1,traj
OA01-P-02-django__django-13590,0,django__django-13590,T1_STRUCTURAL,True,no tool call emitted on a non-terminal turn (scaffold requires one),True,2,reason_or_finalize,ok,False,1,traj
OA01-P-02-django__django-13590,1,django__django-13590,T1_STRUCTURAL,True,tool-call count disagrees with parsed command count,True,1,inspect+inspect,ok,False,1,traj
OA01-P-02-django__django-13590,2,django__django-13590,T4_SEMANTIC,False,"clean exit, non-empty output, no repetition: needs judge or ground truth",True,1,inspect,ok,False,1,traj
OA01-P-02-django__django-13590,3,django__django-13590,T4_SEMANTIC,False,"clean exit, non-empty output, no repetition: needs judge or ground truth",True,1,inspect,ok,False,2,traj
OA01-P-02-django__django-13590,4,django__django-13590,T2_ENVIRONMENTAL,True,empty tool output,True,1,inspect,ok,True,3,traj
OA01-P-02-django__django-13590,5,django__django-13590,T4_SEMANTIC,False,"clean exit, non-empty output, no repetition: needs judge or ground truth",True,1,edit,ok,False,1,traj
OA01-P-02-django__django-13590,6,django__django-13590,T3_PROGRESS,True,atlas loop_membership=true (action-shape cycle),True,1,inspect,ok,True,4,traj
OA01-P-02-django__django-13590,7,django__django-13590,T2_ENVIRONMENTAL,True,empty tool output,True,1,inspect,ok,True,5,traj
OA01-P-02-django__django-13590,8,django__django-13590,T4_SEMANTIC,False,"clean exit, non-empty output, no repetition: needs judge or ground truth",True,1,edit,ok,False,2,traj
OA01-P-02-django__django-13590,9,django__django-13590,T4_SEMANTIC,False,commands ran but no payload retained: cannot see effect without a judge,False,1,edit,ok,False,3,traj
OA01-P-02-django__django-13590,10,django__django-13590,T3_PROGRESS,True,exact repeat of an earlier command: 'echo COMPLETE_TASK_AND_SUBMIT_FINAL_OUTPUT && cat patch.txt',False,1,submit,ok,False,1,api_boundary
