trajectory_id,turn_index,task_id,reversibility,rationale,n_commands,commands,step_type_semantic,verb_first,command_source
OA01-M-03-pydata__xarray-3364,0,pydata__xarray-3364,READ_ONLY,"no observed write, delete, repo-state or network effect",4,ls -l ;; grep -R 'def concat' . ;; grep -Ri 'class Dataset' . ;; grep -Ri 'join' .,inspect+inspect+inspect+inspect,ls,traj
OA01-M-03-pydata__xarray-3364,1,pydata__xarray-3364,READ_ONLY,"no observed write, delete, repo-state or network effect",1,head -50 xarray/core/concat.py,inspect,head,traj
OA01-M-03-pydata__xarray-3364,2,pydata__xarray-3364,READ_ONLY,"no observed write, delete, repo-state or network effect",3,grep -n 'raise' xarray/core/concat.py ;; grep -n 'missing' xarray/core/concat.py ;; grep -n 'concat_vars' xarray/core/concat.py,inspect+inspect+inspect,grep,traj
OA01-M-03-pydata__xarray-3364,3,pydata__xarray-3364,READ_ONLY,"no observed write, delete, repo-state or network effect",1,"sed -n '340,380p' xarray/core/concat.py",inspect,sed,traj
OA01-M-03-pydata__xarray-3364,4,pydata__xarray-3364,READ_ONLY,"no observed write, delete, repo-state or network effect",2,grep -n 'concat_over' xarray/core/concat.py ;; grep -n 'fill_value' xarray/core/concat.py,inspect+inspect,grep,traj
OA01-M-03-pydata__xarray-3364,5,pydata__xarray-3364,READ_ONLY,"no observed write, delete, repo-state or network effect",1,"sed -n '350,370p' xarray/core/concat.py",inspect,sed,traj
OA01-M-03-pydata__xarray-3364,6,pydata__xarray-3364,READ_ONLY,"no observed write, delete, repo-state or network effect",1,head -30 xarray/core/variable.py,inspect,head,traj
OA01-M-03-pydata__xarray-3364,7,pydata__xarray-3364,READ_ONLY,"no observed write, delete, repo-state or network effect",1,grep -n 'class Variable' xarray/core/variable.py,inspect,grep,traj
OA01-M-03-pydata__xarray-3364,8,pydata__xarray-3364,READ_ONLY,"no observed write, delete, repo-state or network effect",1,head -20 xarray/core/variable.py | tail -10,inspect,head,traj
OA01-M-03-pydata__xarray-3364,9,pydata__xarray-3364,READ_ONLY,"no observed write, delete, repo-state or network effect",1,head -30 xarray/core/variable.py | tail -10,inspect,head,traj
OA01-M-03-pydata__xarray-3364,10,pydata__xarray-3364,READ_ONLY,"no observed write, delete, repo-state or network effect",1,"sed -n '259,279p' xarray/core/variable.py",inspect,sed,traj
OA01-M-03-pydata__xarray-3364,11,pydata__xarray-3364,READ_ONLY,"no observed write, delete, repo-state or network effect",1,grep -A10 'def __init__' xarray/core/variable.py,inspect,grep,traj
OA01-M-03-pydata__xarray-3364,12,pydata__xarray-3364,AMBIGUOUS,arbitrary-effect or unknown verb: nano xarray/core/concat.py,1,nano xarray/core/concat.py,shell_other,OTHER,traj
OA01-M-03-pydata__xarray-3364,13,pydata__xarray-3364,READ_ONLY,"no observed write, delete, repo-state or network effect",1,"sed -n '1,20p' xarray/core/concat.py",inspect,sed,traj
OA01-M-03-pydata__xarray-3364,14,pydata__xarray-3364,RECOVERABLE,writes file via redirect -> concat_edit_window.txt,1,"sed -n '340,380p' xarray/core/concat.py > concat_edit_window.txt && cat concat_edit_window.txt",edit,sed,traj
OA01-M-03-pydata__xarray-3364,15,pydata__xarray-3364,READ_ONLY,"no observed write, delete, repo-state or network effect",1,ls xarray/core/variable.py && ls xarray/core/concat.py,inspect,ls,traj
OA01-M-03-pydata__xarray-3364,16,pydata__xarray-3364,RECOVERABLE,creates/copies file: cp xarray/core/concat.py concat.py.bak,1,cp xarray/core/concat.py concat.py.bak && cp concat_edit_window.txt concat_window_editable.txt,shell_other,cp,traj
OA01-M-03-pydata__xarray-3364,17,pydata__xarray-3364,READ_ONLY,"no observed write, delete, repo-state or network effect",1,cat concat_window_editable.txt,inspect,cat,traj
OA01-M-03-pydata__xarray-3364,18,pydata__xarray-3364,READ_ONLY,"no observed write, delete, repo-state or network effect",1,cat xarray/core/concat.py | wc -l,inspect,cat,traj
OA01-M-03-pydata__xarray-3364,19,pydata__xarray-3364,RECOVERABLE,writes file via redirect -> head.tmp,1,head -340 xarray/core/concat.py > head.tmp; tail -46 xarray/core/concat.py > tail.tmp,edit,head,traj
OA01-M-03-pydata__xarray-3364,20,pydata__xarray-3364,RECOVERABLE,writes file via redirect -> patch_body.tmp,1,"cat concat_window_editable.txt | sed 's/try:/# PATCHED: variable join outer patch\n            vars = []\n            missing_variable = False\n            example_var = None\n            for i, ds in enumerate(datasets):\n                if k in ds.variables:\n                    v = ds.variables[k]\n                    vars.append(v)\n                    example_var = v if example_var is None else example_var\n                else:\n                    missing_variable = True\n                    # create NaN variable with correct dims/shape\n                    # Use dims and dtype from example_var or fallback\n                    if example_var is not None:\n                        dims = example_var.dims\n                        shape = tuple(dims_sizes[d] for d in dims)\n                        fill = fill_value\n                        dtype = getattr(example_var._data, ""dtype"", float)\n                    else:\n                        # fallback: concat_dim & single-dim, float\n                        dims = (dim,)\n                        shape = (concat_dim_lengths[i],)\n                        fill = fill_value\n                        dtype = float\n                    data = np.full(shape, fill, dtype=dtype)\n                    v = Variable(dims, data)\n                    vars.append(v)\n            if missing_variable:\n                if join != ""outer"":\n                    raise ValueError(""%r is not present in all datasets."" % k)\n            vars = ensure_common_dims(vars)' | sed '/except KeyError:/d' | sed '/raise ValueError(""%r is not present in all datasets."" % k)/d' > patch_body.tmp",edit,cat,traj
OA01-M-03-pydata__xarray-3364,21,pydata__xarray-3364,RECOVERABLE,writes file via redirect -> concat_patch_block.tmp,1,"cat > concat_patch_block.tmp <<'EOF'\n    # stack up each variable to fill-out the dataset (in order)\n    # n.b. this loop preserves variable order, needed for groupby.\n    for k in datasets[0].variables:\n        if k in concat_over:\n            # PATCHED: allow missing variables for join=""outer""\n            vars = []\n            missing_variable = False\n            example_var = None\n            for i, ds in enumerate(datasets):\n                if k in ds.variables:\n                    v = ds.variables[k]\n                    vars.append(v)\n                    example_var = v if example_var is None else example_var\n                else:\n                    missing_variable = True\n                    # create NaN variable with correct dims/shape\n                    # Use dims and dtype from example_var or fallback\n                    if example_var is not None:\n                        dims = example_var.dims\n                        shape = tuple(dims_sizes[d] for d in dims)\n                        fill = fill_value\n                        dtype = getattr(example_var._data, ""dtype"", float)\n                    else:\n                        # fallback: concat_dim & single-dim, float\n                        dims = (dim,)\n                        shape = (concat_dim_lengths[i],)\n                        fill = fill_value\n                        dtype = float\n                    data = np.full(shape, fill, dtype=dtype)\n                    v = Variable(dims, data)\n                    vars.append(v)\n            if missing_variable:\n                if join != ""outer"":\n                    raise ValueError(""%r is not present in all datasets."" % k)\n            vars = ensure_common_dims(vars)\n            combined = concat_vars(vars, dim, positions)\n            assert isinstance(combined, Variable)\n            result_vars[k] = combined\n\nEOF",edit,cat,traj
OA01-M-03-pydata__xarray-3364,22,pydata__xarray-3364,RECOVERABLE,writes file via redirect -> xarray/core/concat.py,1,cat head.tmp concat_patch_block.tmp tail.tmp > xarray/core/concat.py,edit,cat,traj
OA01-M-03-pydata__xarray-3364,23,pydata__xarray-3364,IRREVERSIBLE,deletes/moves content: rm head.tmp tail.tmp concat_patch_block.tmp concat_edit_window.txt concat_window,1,rm head.tmp tail.tmp concat_patch_block.tmp concat_edit_window.txt concat_window_editable.txt,inspect,rm,traj
OA01-M-03-pydata__xarray-3364,24,pydata__xarray-3364,RECOVERABLE,writes file via redirect -> patch.txt,1,git diff -- xarray/core/concat.py > patch.txt,edit,git,traj
OA01-M-03-pydata__xarray-3364,25,pydata__xarray-3364,READ_ONLY,"no observed write, delete, repo-state or network effect",1,head -40 patch.txt,edit,head,traj
OA01-M-03-pydata__xarray-3364,26,pydata__xarray-3364,READ_ONLY,"no observed write, delete, repo-state or network effect",1,tail -40 patch.txt,edit,tail,traj
OA01-M-03-pydata__xarray-3364,27,pydata__xarray-3364,IRREVERSIBLE,"submits final answer (task-terminating, external)",1,echo COMPLETE_TASK_AND_SUBMIT_FINAL_OUTPUT && cat patch.txt,submit,submit,traj
OA01-M-04-matplotlib__matplotlib-25332,0,matplotlib__matplotlib-25332,READ_ONLY,"no observed write, delete, repo-state or network effect",3,grep -rn 'def align_labels' /testbed ;; grep -rn weakref /testbed ;; ls -l /testbed,inspect+inspect+inspect,grep,traj
OA01-M-04-matplotlib__matplotlib-25332,1,matplotlib__matplotlib-25332,READ_ONLY,"no observed write, delete, repo-state or network effect",3,awk 'NR>=1400&&NR<=1500' /testbed/lib/matplotlib/figure.py ;; awk 'NR>=3190&&NR<=3220' /testbed/lib/matplotlib/figure.py ;; grep -rn '__getstate__' /testbed/lib/matplotlib/figure.py,edit+edit+inspect,awk,traj
OA01-M-04-matplotlib__matplotlib-25332,2,matplotlib__matplotlib-25332,READ_ONLY,"no observed write, delete, repo-state or network effect",1,grep -rn '_align_label_groups' /testbed/lib/matplotlib/figure.py,inspect,grep,traj
OA01-M-04-matplotlib__matplotlib-25332,3,matplotlib__matplotlib-25332,READ_ONLY,"no observed write, delete, repo-state or network effect",1,awk 'NR>=180&&NR<=200' /testbed/lib/matplotlib/figure.py,edit,awk,traj
OA01-M-04-matplotlib__matplotlib-25332,4,matplotlib__matplotlib-25332,READ_ONLY,"no observed write, delete, repo-state or network effect",1,grep -A 25 'def __getstate__' /testbed/lib/matplotlib/figure.py,inspect,grep,traj
OA01-M-04-matplotlib__matplotlib-25332,5,matplotlib__matplotlib-25332,READ_ONLY,"no observed write, delete, repo-state or network effect",1,grep -rn 'class Grouper' /testbed/lib/matplotlib/cbook.py,inspect,grep,traj
OA01-M-04-matplotlib__matplotlib-25332,6,matplotlib__matplotlib-25332,READ_ONLY,"no observed write, delete, repo-state or network effect",1,awk 'NR>=750&&NR<=860' /testbed/lib/matplotlib/cbook.py,edit,awk,traj
OA01-M-04-matplotlib__matplotlib-25332,7,matplotlib__matplotlib-25332,RECOVERABLE,"in-place edit under VCS: sed -i '/state.pop(""canvas"")/a \
        # Do not pickle _align_label_groups as ",1,"sed -i '/state.pop(""canvas"")/a \\n        # Do not pickle _align_label_groups as it contains weakrefs which are not pickleable.\\n        state.pop(""_align_label_groups"", None)' /testbed/lib/matplotlib/figure.py",edit,sed,traj
OA01-M-04-matplotlib__matplotlib-25332,8,matplotlib__matplotlib-25332,RECOVERABLE,writes file via redirect -> patch.txt,1,git diff -- /testbed/lib/matplotlib/figure.py > patch.txt,edit,git,traj
OA01-M-04-matplotlib__matplotlib-25332,9,matplotlib__matplotlib-25332,READ_ONLY,"no observed write, delete, repo-state or network effect",1,head -40 patch.txt,edit,head,traj
OA01-M-04-matplotlib__matplotlib-25332,10,matplotlib__matplotlib-25332,IRREVERSIBLE,"submits final answer (task-terminating, external)",1,echo COMPLETE_TASK_AND_SUBMIT_FINAL_OUTPUT && cat patch.txt,submit,submit,traj
OA01-M-05-django__django-13925,0,django__django-13925,READ_ONLY,"no observed write, delete, repo-state or network effect",3,"ls -lR /testbed ;; grep -r ""models.Model"" /testbed ;; grep -r ""primary_key"" /testbed",inspect+inspect+inspect,ls,traj
OA01-M-05-django__django-13925,1,django__django-13925,READ_ONLY,"no observed write, delete, repo-state or network effect",3,"find /testbed/django/ -name '*.py' ! -path '*/test/*' ! -path '*/docs/*' ;; grep -r ""class "" /testbed/django/ | grep -E ""models.Model|Base|Entity"" ;; grep -r ""primary_key=True"" /testbed/django/",inspect+inspect+inspect,find,traj
OA01-M-05-django__django-13925,2,django__django-13925,READ_ONLY,"no observed write, delete, repo-state or network effect",3,head -50 /testbed/django/contrib/auth/base_user.py ;; head -50 /testbed/django/contrib/sessions/base_session.py ;; head -50 /testbed/django/contrib/auth/models.py,inspect+inspect+inspect,head,traj
OA01-M-05-django__django-13925,3,django__django-13925,READ_ONLY,"no observed write, delete, repo-state or network effect",1,head -100 /testbed/django/contrib/auth/base_user.py,inspect,head,traj
OA01-M-05-django__django-13925,4,django__django-13925,AMBIGUOUS,arbitrary-effect or unknown verb: while read f,1,"grep -r ""class "" /testbed/django/ | grep ""models.Model"" | cut -d: -f1 | sort | uniq | while read f; do echo $f; grep -A 10 ""class "" ""$f"" | grep -A 10 ""models.Model""; echo; done",inspect,grep,traj
OA01-M-05-django__django-13925,5,django__django-13925,READ_ONLY,"no observed write, delete, repo-state or network effect",1,"grep -r ""class Meta"" /testbed/django/ | grep -v ""abstract = True""",inspect,grep,traj
OA01-M-05-django__django-13925,6,django__django-13925,RECOVERABLE,writes file via redirect -> patch.txt,1,git diff --exit-code > patch.txt,edit,git,traj
OA01-M-05-django__django-13925,7,django__django-13925,READ_ONLY,"no observed write, delete, repo-state or network effect",1,cat patch.txt,edit,cat,traj
OA01-M-05-django__django-13925,8,django__django-13925,IRREVERSIBLE,"submits final answer (task-terminating, external)",1,echo COMPLETE_TASK_AND_SUBMIT_FINAL_OUTPUT && cat patch.txt,reason_or_finalize,submit,traj
OA01-M-05-django__django-13925,9,django__django-13925,IRREVERSIBLE,"submits final answer (task-terminating, external)",1,echo COMPLETE_TASK_AND_SUBMIT_FINAL_OUTPUT && cat patch.txt,submit,submit,api_boundary
OA01-M-06-sphinx-doc__sphinx-8435,0,sphinx-doc__sphinx-8435,READ_ONLY,"no observed write, delete, repo-state or network effect",3,grep -r autodoc_type_aliases /testbed ;; grep -ri attribute /testbed ;; grep -ri annotation /testbed,inspect+inspect+inspect,grep,traj
OA01-M-06-sphinx-doc__sphinx-8435,1,sphinx-doc__sphinx-8435,READ_ONLY,"no observed write, delete, repo-state or network effect",1,grep -n autodoc_type_aliases /testbed/sphinx/ext/autodoc/__init__.py,inspect,grep,traj
OA01-M-06-sphinx-doc__sphinx-8435,2,sphinx-doc__sphinx-8435,READ_ONLY,"no observed write, delete, repo-state or network effect",1,"awk '/^class / {print NR, $2}' /testbed/sphinx/ext/autodoc/__init__.py",inspect,awk,traj
OA01-M-06-sphinx-doc__sphinx-8435,3,sphinx-doc__sphinx-8435,READ_ONLY,"no observed write, delete, repo-state or network effect",1,"awk 'NR>=1684 && NR<1855 {print NR "": "" $0}' /testbed/sphinx/ext/autodoc/__init__.py | head -40",edit,awk,traj
OA01-M-06-sphinx-doc__sphinx-8435,4,sphinx-doc__sphinx-8435,READ_ONLY,"no observed write, delete, repo-state or network effect",1,"awk 'NR>=2016 && NR<2152 {print NR "": "" $0}' /testbed/sphinx/ext/autodoc/__init__.py | head -40",edit,awk,traj
OA01-M-06-sphinx-doc__sphinx-8435,5,sphinx-doc__sphinx-8435,READ_ONLY,"no observed write, delete, repo-state or network effect",1,"awk 'NR>=1700 && NR<1730 {print NR "": "" $0}' /testbed/sphinx/ext/autodoc/__init__.py",edit,awk,traj
OA01-M-06-sphinx-doc__sphinx-8435,6,sphinx-doc__sphinx-8435,READ_ONLY,"no observed write, delete, repo-state or network effect",1,"awk 'NR>=2040 && NR<2070 {print NR "": "" $0}' /testbed/sphinx/ext/autodoc/__init__.py",edit,awk,traj
OA01-M-06-sphinx-doc__sphinx-8435,7,sphinx-doc__sphinx-8435,READ_ONLY,"no observed write, delete, repo-state or network effect",1,"awk 'NR>=2070 && NR<2100 {print NR "": "" $0}' /testbed/sphinx/ext/autodoc/__init__.py",edit,awk,traj
OA01-M-06-sphinx-doc__sphinx-8435,8,sphinx-doc__sphinx-8435,READ_ONLY,"no observed write, delete, repo-state or network effect",1,"awk 'NR>=2090 && NR<2120 {print NR "": "" $0}' /testbed/sphinx/ext/autodoc/__init__.py",edit,awk,traj
OA01-M-06-sphinx-doc__sphinx-8435,9,sphinx-doc__sphinx-8435,READ_ONLY,"no observed write, delete, repo-state or network effect",1,grep -n stringify_typehint /testbed/sphinx/ext/autodoc/__init__.py,inspect,grep,traj
OA01-M-06-sphinx-doc__sphinx-8435,10,sphinx-doc__sphinx-8435,READ_ONLY,"no observed write, delete, repo-state or network effect",1,grep -n def /testbed/sphinx/util/typing.py,inspect,grep,traj
OA01-M-06-sphinx-doc__sphinx-8435,11,sphinx-doc__sphinx-8435,READ_ONLY,"no observed write, delete, repo-state or network effect",1,"awk 'NR>=255 && NR<285 {print NR "": "" $0}' /testbed/sphinx/util/typing.py",edit,awk,traj
OA01-M-06-sphinx-doc__sphinx-8435,12,sphinx-doc__sphinx-8435,READ_ONLY,"no observed write, delete, repo-state or network effect",1,head -40 /testbed/sphinx/util/typing.py,inspect,head,traj
OA01-M-06-sphinx-doc__sphinx-8435,13,sphinx-doc__sphinx-8435,READ_ONLY,"no observed write, delete, repo-state or network effect",1,"awk 'NR>=1310 && NR<1330 {print NR "": "" $0}' /testbed/sphinx/ext/autodoc/__init__.py",edit,awk,traj
OA01-M-06-sphinx-doc__sphinx-8435,14,sphinx-doc__sphinx-8435,READ_ONLY,"no observed write, delete, repo-state or network effect",1,"awk 'NR>=1260 && NR<1280 {print NR "": "" $0}' /testbed/sphinx/ext/autodoc/__init__.py",edit,awk,traj
OA01-M-06-sphinx-doc__sphinx-8435,15,sphinx-doc__sphinx-8435,READ_ONLY,"no observed write, delete, repo-state or network effect",1,"awk 'NR>=1750 && NR<1790 {print NR "": "" $0}' /testbed/sphinx/ext/autodoc/__init__.py",edit,awk,traj
OA01-M-06-sphinx-doc__sphinx-8435,16,sphinx-doc__sphinx-8435,READ_ONLY,"no observed write, delete, repo-state or network effect",1,"awk 'NR>=1700 && NR<1725 {print NR "": "" $0}' /testbed/sphinx/ext/autodoc/__init__.py",edit,awk,traj
OA01-M-06-sphinx-doc__sphinx-8435,17,sphinx-doc__sphinx-8435,RECOVERABLE,writes file via redirect -> /dev/null,1,cp /testbed/sphinx/ext/autodoc/__init__.py /testbed/sphinx/ext/autodoc/__init__.py.bak && head -40 /testbed/sphinx/ext/autodoc/__init__.py > /dev/null,edit,cp,traj
OA01-M-06-sphinx-doc__sphinx-8435,18,sphinx-doc__sphinx-8435,RECOVERABLE,"in-place edit under VCS: sed -i '1720i\
                # Apply autodoc_type_aliases if applicable\
     ",1,"sed -i '1720i\\n                # Apply autodoc_type_aliases if applicable\\n                type_aliases = getattr(self.config, ""autodoc_type_aliases"", {})\\n                if objrepr in type_aliases:\\n                    objrepr = type_aliases[objrepr]\n' /testbed/sphinx/ext/autodoc/__init__.py",edit,sed,traj
OA01-M-06-sphinx-doc__sphinx-8435,19,sphinx-doc__sphinx-8435,RECOVERABLE,"in-place edit under VCS: sed -i '2111i\
                # Apply autodoc_type_aliases if applicable\
     ",1,"sed -i '2111i\\n                # Apply autodoc_type_aliases if applicable\\n                type_aliases = getattr(self.config, ""autodoc_type_aliases"", {})\\n                if objrepr in type_aliases:\\n                    objrepr = type_aliases[objrepr]\n' /testbed/sphinx/ext/autodoc/__init__.py",edit,sed,traj
OA01-M-06-sphinx-doc__sphinx-8435,20,sphinx-doc__sphinx-8435,RECOVERABLE,writes file via redirect -> patch.txt,1,git diff -- /testbed/sphinx/ext/autodoc/__init__.py > patch.txt,edit,git,traj
OA01-M-06-sphinx-doc__sphinx-8435,21,sphinx-doc__sphinx-8435,READ_ONLY,"no observed write, delete, repo-state or network effect",1,head -40 patch.txt,edit,head,traj
OA01-M-06-sphinx-doc__sphinx-8435,22,sphinx-doc__sphinx-8435,IRREVERSIBLE,"submits final answer (task-terminating, external)",1,echo COMPLETE_TASK_AND_SUBMIT_FINAL_OUTPUT && cat patch.txt,reason_or_finalize,submit,traj
OA01-M-06-sphinx-doc__sphinx-8435,23,sphinx-doc__sphinx-8435,IRREVERSIBLE,"submits final answer (task-terminating, external)",1,echo COMPLETE_TASK_AND_SUBMIT_FINAL_OUTPUT && cat patch.txt,submit,submit,api_boundary
OA01-M-07-mwaskom__seaborn-3407,0,mwaskom__seaborn-3407,READ_ONLY,"no observed write, delete, repo-state or network effect",2,ls -l ;; grep -r 'def pairplot' .,reason_or_finalize,ls,traj
OA01-M-07-mwaskom__seaborn-3407,1,mwaskom__seaborn-3407,READ_ONLY,"no observed write, delete, repo-state or network effect",2,"awk '/def pairplot/,/def / {print NR "":"" $0}' seaborn/axisgrid.py | head -40 ;; grep -nE 'self\.data\[|data\[' seaborn/axisgrid.py",reason_or_finalize,awk,traj
OA01-M-07-mwaskom__seaborn-3407,2,mwaskom__seaborn-3407,READ_ONLY,"no observed write, delete, repo-state or network effect",1,"awk 'NR>=1485 && NR<=1515 {print NR "":"" $0}' seaborn/axisgrid.py",inspect+inspect,awk,traj
OA01-M-07-mwaskom__seaborn-3407,3,mwaskom__seaborn-3407,READ_ONLY,"no observed write, delete, repo-state or network effect",1,"awk 'NR>=2005 && NR<2055 {print NR "":"" $0}' seaborn/axisgrid.py",inspect+inspect,awk,traj
OA01-M-07-mwaskom__seaborn-3407,4,mwaskom__seaborn-3407,READ_ONLY,"no observed write, delete, repo-state or network effect",1,"awk 'NR>=2055 && NR<2095 {print NR "":"" $0}' seaborn/axisgrid.py",edit,awk,traj
OA01-M-07-mwaskom__seaborn-3407,5,mwaskom__seaborn-3407,READ_ONLY,"no observed write, delete, repo-state or network effect",1,awk 'NR==2089' seaborn/axisgrid.py,edit,awk,traj
OA01-M-07-mwaskom__seaborn-3407,6,mwaskom__seaborn-3407,READ_ONLY,"no observed write, delete, repo-state or network effect",1,awk 'NR>=2086 && NR<=2095' seaborn/axisgrid.py,edit,awk,traj
OA01-M-07-mwaskom__seaborn-3407,7,mwaskom__seaborn-3407,IRREVERSIBLE,deletes/moves content: mv seaborn/axisgrid.py.tmp seaborn/axisgrid.py,1,"awk 'NR==2089 {print ""    # Handle MultiIndex columns by flattening them to single strings\n    if hasattr(data, \""columns\"") and hasattr(data.columns, \""__class__\"") and data.columns.__class__.__name__ == \""MultiIndex\"":\n        data = data.copy()\n        data.columns = [\""\"".join(str(part) for part in col) for col in data.columns]""} 1' seaborn/axisgrid.py > seaborn/axisgrid.py.tmp && mv seaborn/axisgrid.py.tmp seaborn/axisgrid.py",inspect,awk,traj
OA01-M-07-mwaskom__seaborn-3407,8,mwaskom__seaborn-3407,READ_ONLY,"no observed write, delete, repo-state or network effect",1,cat patch.txt | head -40,edit,cat,traj
OA01-M-07-mwaskom__seaborn-3407,9,mwaskom__seaborn-3407,RECOVERABLE,writes file via redirect -> patch.txt,1,git diff -- seaborn/axisgrid.py > patch.txt,edit,git,traj
OA01-M-07-mwaskom__seaborn-3407,10,mwaskom__seaborn-3407,READ_ONLY,"no observed write, delete, repo-state or network effect",1,cat patch.txt | head -40,edit,cat,traj
OA01-M-07-mwaskom__seaborn-3407,11,mwaskom__seaborn-3407,IRREVERSIBLE,"submits final answer (task-terminating, external)",1,echo COMPLETE_TASK_AND_SUBMIT_FINAL_OUTPUT && cat patch.txt,edit,submit,traj
OA01-M-07-mwaskom__seaborn-3407,12,mwaskom__seaborn-3407,READ_ONLY,"no observed write, delete, repo-state or network effect",1,cat patch.txt | head -40,edit,cat,api_boundary
OA01-M-07-mwaskom__seaborn-3407,13,mwaskom__seaborn-3407,NO_COMMAND,turn issued no shell command,0,,reason_or_finalize,ANSWER,api_boundary
OA01-M-07-mwaskom__seaborn-3407,14,mwaskom__seaborn-3407,IRREVERSIBLE,"submits final answer (task-terminating, external)",1,echo COMPLETE_TASK_AND_SUBMIT_FINAL_OUTPUT && cat patch.txt,submit,submit,api_boundary
OA01-M-08-pylint-dev__pylint-7228,0,pylint-dev__pylint-7228,READ_ONLY,"no observed write, delete, repo-state or network effect",2,"grep -r ""function-rgx"" . ;; grep -r ""re.compile"" .",inspect+inspect,grep,traj
OA01-M-08-pylint-dev__pylint-7228,1,pylint-dev__pylint-7228,READ_ONLY,"no observed write, delete, repo-state or network effect",2,"grep -i ""function"" pylint/config/option.py pylint/checkers/base/name_checker/checker.py pylint/checkers/base/name_checker/naming_style.py pylint/config/argument.py ;; grep -i ""rgx"" pylint/config/option.py pylint/checkers/base/name_checker/checker.py pylint/checkers/base/name_checker/naming_style.py pylint/config/argument.py",inspect+inspect,grep,traj
OA01-M-08-pylint-dev__pylint-7228,2,pylint-dev__pylint-7228,READ_ONLY,"no observed write, delete, repo-state or network effect",1,cat pylint/config/option.py | grep -C 15 re.compile,inspect,cat,traj
OA01-M-08-pylint-dev__pylint-7228,3,pylint-dev__pylint-7228,READ_ONLY,"no observed write, delete, repo-state or network effect",1,head -30 pylint/config/option.py,inspect,head,traj
OA01-M-08-pylint-dev__pylint-7228,4,pylint-dev__pylint-7228,RECOVERABLE,in-place edit under VCS: sed -i.bak '/def _regexp_validator/{:a;N;/}/{!ba};s/return re.compile(value)/try,1,"sed -i.bak '/def _regexp_validator/{:a;N;/}/{!ba};s/return re.compile(value)/try:\\n        return re.compile(value)\\n    except re.error as e:\\n        if isinstance(value, str) and r""\\p{"" in value:\\n            raise ValueError(f""Invalid regular expression: Unicode property escapes (e.g., \\p{{Han}}) are not supported in Python's re module. You used: {value}. See https://docs.python.org/3/library/re.html for supported syntax."") from e\\n        raise/' pylint/config/option.py",edit,sed,traj
OA01-M-08-pylint-dev__pylint-7228,5,pylint-dev__pylint-7228,READ_ONLY,"no observed write, delete, repo-state or network effect",1,nl -ba pylint/config/option.py | head -40,inspect,cat,traj
OA01-M-08-pylint-dev__pylint-7228,6,pylint-dev__pylint-7228,READ_ONLY,"no observed write, delete, repo-state or network effect",1,"awk 'NR==26 {print ""    try:\n        return re.compile(value)\n    except re.error as e:\n        if isinstance(value, str) and r\\\""\\\\p{\\\"" in value:\n            raise ValueError(f\""Invalid regular expression: Unicode property escapes (e.g., \\\\p{{Han}}) are not supported in Python's re module. You used: {value}. See https://docs.python.org/3/library/re.html for supported syntax.\"") from e\n        raise""} NR!=26' pylint/config/option.py > pylint/config/option.py.new && mv pylint/config/option.py.new pylint/config/option.py",edit,awk,traj
OA01-M-08-pylint-dev__pylint-7228,7,pylint-dev__pylint-7228,IRREVERSIBLE,deletes/moves content: mv config_option_patched.py pylint/config/option.py,1,"head -25 pylint/config/option.py > config_option_patched.py && echo ""    try:"" >> config_option_patched.py && echo ""        return re.compile(value)"" >> config_option_patched.py && echo ""    except re.error as e:"" >> config_option_patched.py && echo ""        if isinstance(value, str) and r'\\p{' in value:"" >> config_option_patched.py && echo ""            raise ValueError(f\""Invalid regular expression: Unicode property escapes (e.g., \\p{{Han}}) are not supported in Python's re module. You used: {value}. See https://docs.python.org/3/library/re.html for supported syntax.\"") from e"" >> config_option_patched.py && echo ""        raise"" >> config_option_patched.py && tail -n +27 pylint/config/option.py >> config_option_patched.py && mv config_option_patched.py pylint/config/option.py",edit,head,traj
OA01-M-08-pylint-dev__pylint-7228,8,pylint-dev__pylint-7228,RECOVERABLE,writes file via redirect -> patch.txt,1,git diff -- pylint/config/option.py > patch.txt,edit,git,traj
OA01-M-08-pylint-dev__pylint-7228,9,pylint-dev__pylint-7228,READ_ONLY,"no observed write, delete, repo-state or network effect",1,head -40 patch.txt,edit,head,traj
OA01-M-08-pylint-dev__pylint-7228,10,pylint-dev__pylint-7228,IRREVERSIBLE,"submits final answer (task-terminating, external)",1,echo COMPLETE_TASK_AND_SUBMIT_FINAL_OUTPUT && cat patch.txt,submit,submit,traj
OA01-M-09-scikit-learn__scikit-learn-13241,0,scikit-learn__scikit-learn-13241,READ_ONLY,"no observed write, delete, repo-state or network effect",2,grep -rn 'class KernelPCA' . ;; ls -l /testbed,inspect+inspect,grep,traj
OA01-M-09-scikit-learn__scikit-learn-13241,1,scikit-learn__scikit-learn-13241,READ_ONLY,"no observed write, delete, repo-state or network effect",1,grep -rn 'eigen' ./sklearn/decomposition/kernel_pca.py,inspect,grep,traj
OA01-M-09-scikit-learn__scikit-learn-13241,2,scikit-learn__scikit-learn-13241,READ_ONLY,"no observed write, delete, repo-state or network effect",1,cat ./sklearn/decomposition/kernel_pca.py,inspect,cat,traj
OA01-M-09-scikit-learn__scikit-learn-13241,3,scikit-learn__scikit-learn-13241,READ_ONLY,"no observed write, delete, repo-state or network effect",1,grep -rn 'svd_flip' ./sklearn/,inspect,grep,traj
OA01-M-09-scikit-learn__scikit-learn-13241,4,scikit-learn__scikit-learn-13241,READ_ONLY,"no observed write, delete, repo-state or network effect",1,head -30 ./sklearn/utils/extmath.py,inspect,head,traj
OA01-M-09-scikit-learn__scikit-learn-13241,5,scikit-learn__scikit-learn-13241,READ_ONLY,"no observed write, delete, repo-state or network effect",1,"sed -n '480,500p' ./sklearn/utils/extmath.py",inspect,sed,traj
OA01-M-09-scikit-learn__scikit-learn-13241,6,scikit-learn__scikit-learn-13241,READ_ONLY,"no observed write, delete, repo-state or network effect",1,head -20 ./sklearn/decomposition/kernel_pca.py,inspect,head,traj
OA01-M-09-scikit-learn__scikit-learn-13241,7,scikit-learn__scikit-learn-13241,READ_ONLY,"no observed write, delete, repo-state or network effect",1,head -30 ./sklearn/decomposition/pca.py,inspect,head,traj
OA01-M-09-scikit-learn__scikit-learn-13241,8,scikit-learn__scikit-learn-13241,READ_ONLY,"no observed write, delete, repo-state or network effect",1,grep -n 'def ' ./sklearn/decomposition/kernel_pca.py,inspect,grep,traj
OA01-M-09-scikit-learn__scikit-learn-13241,9,scikit-learn__scikit-learn-13241,READ_ONLY,"no observed write, delete, repo-state or network effect",1,grep -n 'alphas_' ./sklearn/decomposition/kernel_pca.py,inspect,grep,traj
OA01-M-09-scikit-learn__scikit-learn-13241,10,scikit-learn__scikit-learn-13241,READ_ONLY,"no observed write, delete, repo-state or network effect",1,head -20 ./sklearn/utils/__init__.py,inspect,head,traj
OA01-M-09-scikit-learn__scikit-learn-13241,11,scikit-learn__scikit-learn-13241,READ_ONLY,"no observed write, delete, repo-state or network effect",1,head -20 ./sklearn/utils/extmath.py | grep 'def ',inspect,head,traj
OA01-M-09-scikit-learn__scikit-learn-13241,12,scikit-learn__scikit-learn-13241,READ_ONLY,"no observed write, delete, repo-state or network effect",1,"sed -n '470,490p' ./sklearn/utils/extmath.py",inspect,sed,traj
OA01-M-09-scikit-learn__scikit-learn-13241,13,scikit-learn__scikit-learn-13241,READ_ONLY,"no observed write, delete, repo-state or network effect",1,head -20 ./sklearn/decomposition/kernel_pca.py | grep 'from ',inspect,head,traj
OA01-M-09-scikit-learn__scikit-learn-13241,14,scikit-learn__scikit-learn-13241,RECOVERABLE,"in-place edit under VCS: sed -i ""/from \.\./a from ..utils.extmath import svd_flip"" ./sklearn/decompositi",1,"sed -i ""/from \.\./a from ..utils.extmath import svd_flip"" ./sklearn/decomposition/kernel_pca.py",edit,sed,traj
OA01-M-09-scikit-learn__scikit-learn-13241,15,scikit-learn__scikit-learn-13241,RECOVERABLE,"in-place edit under VCS: sed -i '/self.alphas_ = self.alphas_[:, indices]/a \
        # flip eigenvectors",1,"sed -i '/self.alphas_ = self.alphas_[:, indices]/a \\n        # flip eigenvectors signs to ensure deterministic output\\n        self.alphas_, _ = svd_flip(self.alphas_, None)' ./sklearn/decomposition/kernel_pca.py",edit,sed,traj
OA01-M-09-scikit-learn__scikit-learn-13241,16,scikit-learn__scikit-learn-13241,RECOVERABLE,writes file via redirect -> patch.txt,1,git diff -- sklearn/decomposition/kernel_pca.py > patch.txt,edit,git,traj
OA01-M-09-scikit-learn__scikit-learn-13241,17,scikit-learn__scikit-learn-13241,READ_ONLY,"no observed write, delete, repo-state or network effect",1,head -40 patch.txt,edit,head,traj
OA01-M-09-scikit-learn__scikit-learn-13241,18,scikit-learn__scikit-learn-13241,READ_ONLY,"no observed write, delete, repo-state or network effect",1,head -60 patch.txt,edit,head,traj
OA01-M-09-scikit-learn__scikit-learn-13241,19,scikit-learn__scikit-learn-13241,READ_ONLY,"no observed write, delete, repo-state or network effect",1,head -100 patch.txt,edit,head,traj
OA01-M-09-scikit-learn__scikit-learn-13241,20,scikit-learn__scikit-learn-13241,READ_ONLY,"no observed write, delete, repo-state or network effect",1,head -150 patch.txt,edit,head,traj
OA01-M-09-scikit-learn__scikit-learn-13241,21,scikit-learn__scikit-learn-13241,RECOVERABLE,"in-place edit under VCS: sed -i '9,15{s/^+from ..utils.extmath import svd_flip$//}' patch.txt",1,"sed -i '9,15{s/^+from ..utils.extmath import svd_flip$//}' patch.txt",edit,sed,traj
OA01-M-09-scikit-learn__scikit-learn-13241,22,scikit-learn__scikit-learn-13241,READ_ONLY,"no observed write, delete, repo-state or network effect",1,head -40 patch.txt,edit,head,traj
OA01-M-09-scikit-learn__scikit-learn-13241,23,scikit-learn__scikit-learn-13241,RECOVERABLE,"in-place edit under VCS: sed -i '15,17{s/^+from ..utils.extmath import svd_flip$//}' patch.txt",1,"sed -i '15,17{s/^+from ..utils.extmath import svd_flip$//}' patch.txt",edit,sed,traj
OA01-M-09-scikit-learn__scikit-learn-13241,24,scikit-learn__scikit-learn-13241,RECOVERABLE,in-place edit under VCS: sed -i '/from ..preprocessing import KernelCenterer/a from ..utils.extmath impor,1,sed -i '/from ..preprocessing import KernelCenterer/a from ..utils.extmath import svd_flip' patch.txt,edit,sed,traj
OA01-M-09-scikit-learn__scikit-learn-13241,25,scikit-learn__scikit-learn-13241,READ_ONLY,"no observed write, delete, repo-state or network effect",1,head -50 patch.txt,edit,head,traj
OA01-M-09-scikit-learn__scikit-learn-13241,26,scikit-learn__scikit-learn-13241,RECOVERABLE,"in-place edit under VCS: sed -i '/from ..metrics.pairwise import pairwise_kernels/,+1{/^+from ..utils.ext",1,"sed -i '/from ..metrics.pairwise import pairwise_kernels/,+1{/^+from ..utils.extmath import svd_flip$/d}' patch.txt",edit,sed,traj
OA01-M-09-scikit-learn__scikit-learn-13241,27,scikit-learn__scikit-learn-13241,READ_ONLY,"no observed write, delete, repo-state or network effect",1,head -60 patch.txt,edit,head,traj
OA01-M-09-scikit-learn__scikit-learn-13241,28,scikit-learn__scikit-learn-13241,READ_ONLY,"no observed write, delete, repo-state or network effect",1,"grep -A 20 'self.alphas_ = self.alphas_[:, indices]' patch.txt",edit,grep,traj
OA01-M-09-scikit-learn__scikit-learn-13241,29,scikit-learn__scikit-learn-13241,READ_ONLY,"no observed write, delete, repo-state or network effect",1,"grep -n 'self.alphas_ = self.alphas_[:, indices]' sklearn/decomposition/kernel_pca.py",inspect,grep,traj
OA01-M-09-scikit-learn__scikit-learn-13241,30,scikit-learn__scikit-learn-13241,READ_ONLY,"no observed write, delete, repo-state or network effect",1,grep -n 'svd_flip' sklearn/decomposition/kernel_pca.py,inspect,grep,traj
OA01-M-09-scikit-learn__scikit-learn-13241,31,scikit-learn__scikit-learn-13241,RECOVERABLE,"in-place edit under VCS: sed -i '11,21{/from ..utils.extmath import svd_flip/d}' sklearn/decomposition/ke",1,"sed -i '11,21{/from ..utils.extmath import svd_flip/d}' sklearn/decomposition/kernel_pca.py",edit,sed,traj
OA01-M-09-scikit-learn__scikit-learn-13241,32,scikit-learn__scikit-learn-13241,RECOVERABLE,in-place edit under VCS: sed -i '/from ..preprocessing import KernelCenterer/a from ..utils.extmath impor,1,sed -i '/from ..preprocessing import KernelCenterer/a from ..utils.extmath import svd_flip' sklearn/decomposition/kernel_pca.py,edit,sed,traj
OA01-M-09-scikit-learn__scikit-learn-13241,33,scikit-learn__scikit-learn-13241,READ_ONLY,"no observed write, delete, repo-state or network effect",1,"grep -n 'self.alphas_ = self.alphas_[:, indices]' sklearn/decomposition/kernel_pca.py",inspect,grep,traj
OA01-M-09-scikit-learn__scikit-learn-13241,34,scikit-learn__scikit-learn-13241,READ_ONLY,"no observed write, delete, repo-state or network effect",1,grep -n 'indices = self.lambdas_.argsort()[::-1]' sklearn/decomposition/kernel_pca.py,inspect,grep,traj
OA01-M-09-scikit-learn__scikit-learn-13241,35,scikit-learn__scikit-learn-13241,READ_ONLY,"no observed write, delete, repo-state or network effect",1,grep -n 'argsort' sklearn/decomposition/kernel_pca.py,inspect,grep,traj
OA01-M-09-scikit-learn__scikit-learn-13241,36,scikit-learn__scikit-learn-13241,READ_ONLY,"no observed write, delete, repo-state or network effect",1,"sed -n '210,230p' sklearn/decomposition/kernel_pca.py",inspect,sed,traj
OA01-M-09-scikit-learn__scikit-learn-13241,37,scikit-learn__scikit-learn-13241,RECOVERABLE,"in-place edit under VCS: sed -i '217a \
        # flip eigenvectors signs to ensure deterministic output\",1,"sed -i '217a \\n        # flip eigenvectors signs to ensure deterministic output\\n        self.alphas_, _ = svd_flip(self.alphas_, None)' sklearn/decomposition/kernel_pca.py",edit,sed,traj
OA01-M-09-scikit-learn__scikit-learn-13241,38,scikit-learn__scikit-learn-13241,RECOVERABLE,writes file via redirect -> patch.txt,1,git diff -- sklearn/decomposition/kernel_pca.py > patch.txt,edit,git,traj
OA01-M-09-scikit-learn__scikit-learn-13241,39,scikit-learn__scikit-learn-13241,READ_ONLY,"no observed write, delete, repo-state or network effect",1,head -40 patch.txt,edit,head,traj
OA01-M-09-scikit-learn__scikit-learn-13241,40,scikit-learn__scikit-learn-13241,IRREVERSIBLE,"submits final answer (task-terminating, external)",1,echo COMPLETE_TASK_AND_SUBMIT_FINAL_OUTPUT && cat patch.txt,submit,submit,traj
OA01-M-10-matplotlib__matplotlib-25433,0,matplotlib__matplotlib-25433,READ_ONLY,"no observed write, delete, repo-state or network effect",1,ls -l /testbed,inspect,ls,api_boundary
OA01-M-10-matplotlib__matplotlib-25433,1,matplotlib__matplotlib-25433,READ_ONLY,"no observed write, delete, repo-state or network effect",1,ls -l /testbed/src,inspect,ls,api_boundary
OA01-M-10-matplotlib__matplotlib-25433,2,matplotlib__matplotlib-25433,READ_ONLY,"no observed write, delete, repo-state or network effect",1,ls -l /testbed/src/tri,inspect,ls,api_boundary
OA01-M-10-matplotlib__matplotlib-25433,3,matplotlib__matplotlib-25433,READ_ONLY,"no observed write, delete, repo-state or network effect",1,ls -l /testbed/lib,inspect,ls,api_boundary
OA01-M-10-matplotlib__matplotlib-25433,4,matplotlib__matplotlib-25433,READ_ONLY,"no observed write, delete, repo-state or network effect",1,ls -l /testbed/lib/matplotlib,inspect,ls,api_boundary
OA01-M-10-matplotlib__matplotlib-25433,5,matplotlib__matplotlib-25433,READ_ONLY,"no observed write, delete, repo-state or network effect",1,ls -l /testbed/lib/matplotlib/widgets.py,inspect,ls,api_boundary
OA01-M-10-matplotlib__matplotlib-25433,6,matplotlib__matplotlib-25433,READ_ONLY,"no observed write, delete, repo-state or network effect",1,head -40 /testbed/lib/matplotlib/widgets.py,inspect,head,api_boundary
OA01-M-10-matplotlib__matplotlib-25433,7,matplotlib__matplotlib-25433,READ_ONLY,"no observed write, delete, repo-state or network effect",1,grep -n 'RangeSlider' /testbed/lib/matplotlib/widgets.py,inspect,grep,api_boundary
OA01-M-10-matplotlib__matplotlib-25433,8,matplotlib__matplotlib-25433,READ_ONLY,"no observed write, delete, repo-state or network effect",1,"awk 'NR>=595&&NR<=625{print NR "": "" $0}' /testbed/lib/matplotlib/widgets.py",edit,awk,api_boundary
OA01-M-10-matplotlib__matplotlib-25433,9,matplotlib__matplotlib-25433,READ_ONLY,"no observed write, delete, repo-state or network effect",1,grep -n 'on_changed' /testbed/lib/matplotlib/widgets.py,inspect,grep,api_boundary
OA01-M-10-matplotlib__matplotlib-25433,10,matplotlib__matplotlib-25433,READ_ONLY,"no observed write, delete, repo-state or network effect",1,"awk 'NR>=960&&NR<=990{print NR "": "" $0}' /testbed/lib/matplotlib/widgets.py",edit,awk,api_boundary
OA01-M-10-matplotlib__matplotlib-25433,11,matplotlib__matplotlib-25433,READ_ONLY,"no observed write, delete, repo-state or network effect",1,grep -n 'clf' /testbed/lib/matplotlib/pyplot.py,inspect,grep,api_boundary
OA01-M-10-matplotlib__matplotlib-25433,12,matplotlib__matplotlib-25433,READ_ONLY,"no observed write, delete, repo-state or network effect",1,"awk 'NR>=980&&NR<=1010{print NR "": "" $0}' /testbed/lib/matplotlib/pyplot.py",edit,awk,api_boundary
OA01-M-10-matplotlib__matplotlib-25433,13,matplotlib__matplotlib-25433,READ_ONLY,"no observed write, delete, repo-state or network effect",1,grep -n 'clear(' /testbed/lib/matplotlib/figure.py,inspect,grep,api_boundary
OA01-M-10-matplotlib__matplotlib-25433,14,matplotlib__matplotlib-25433,READ_ONLY,"no observed write, delete, repo-state or network effect",1,"awk 'NR>=944&&NR<=975{print NR "": "" $0}' /testbed/lib/matplotlib/figure.py",edit,awk,api_boundary
OA01-M-10-matplotlib__matplotlib-25433,15,matplotlib__matplotlib-25433,READ_ONLY,"no observed write, delete, repo-state or network effect",1,"awk 'NR>=995&&NR<=1025{print NR "": "" $0}' /testbed/lib/matplotlib/figure.py",edit,awk,api_boundary
OA01-M-10-matplotlib__matplotlib-25433,16,matplotlib__matplotlib-25433,READ_ONLY,"no observed write, delete, repo-state or network effect",1,"awk 'NR>=3090&&NR<=3120{print NR "": "" $0}' /testbed/lib/matplotlib/figure.py",edit,awk,api_boundary
OA01-M-10-matplotlib__matplotlib-25433,17,matplotlib__matplotlib-25433,READ_ONLY,"no observed write, delete, repo-state or network effect",1,grep -n 'disconnect' /testbed/lib/matplotlib/widgets.py,inspect,grep,api_boundary
OA01-M-10-matplotlib__matplotlib-25433,18,matplotlib__matplotlib-25433,READ_ONLY,"no observed write, delete, repo-state or network effect",1,"awk 'NR>=940&&NR<=975{print NR "": "" $0}' /testbed/lib/matplotlib/widgets.py",edit,awk,api_boundary
OA01-M-10-matplotlib__matplotlib-25433,19,matplotlib__matplotlib-25433,READ_ONLY,"no observed write, delete, repo-state or network effect",1,"awk 'NR>=1&&NR<=40{print NR "": "" $0}' /testbed/lib/matplotlib/_observers.py",edit,awk,api_boundary
OA01-M-10-matplotlib__matplotlib-25433,20,matplotlib__matplotlib-25433,READ_ONLY,"no observed write, delete, repo-state or network effect",1,grep -in observer /testbed/lib/matplotlib/*.py,inspect,grep,api_boundary
OA01-M-10-matplotlib__matplotlib-25433,21,matplotlib__matplotlib-25433,READ_ONLY,"no observed write, delete, repo-state or network effect",1,"awk 'NR>=301&&NR<=330{print NR "": "" $0}' /testbed/lib/matplotlib/widgets.py",edit,awk,api_boundary
OA01-M-10-matplotlib__matplotlib-25433,22,matplotlib__matplotlib-25433,READ_ONLY,"no observed write, delete, repo-state or network effect",1,"awk 'NR>=586&&NR<=606{print NR "": "" $0}' /testbed/lib/matplotlib/widgets.py",edit,awk,api_boundary
OA01-M-10-matplotlib__matplotlib-25433,23,matplotlib__matplotlib-25433,READ_ONLY,"no observed write, delete, repo-state or network effect",1,"awk 'NR>=1&&NR<=40{print NR "": "" $0}' /testbed/lib/matplotlib/pyplot.py",edit,awk,api_boundary
OA01-M-10-matplotlib__matplotlib-25433,24,matplotlib__matplotlib-25433,READ_ONLY,"no observed write, delete, repo-state or network effect",1,head -60 /testbed/lib/matplotlib/pyplot.py,inspect,head,api_boundary
OA01-M-10-matplotlib__matplotlib-25433,25,matplotlib__matplotlib-25433,READ_ONLY,"no observed write, delete, repo-state or network effect",1,grep -n gcf /testbed/lib/matplotlib/pyplot.py,inspect,grep,api_boundary
OA01-M-10-matplotlib__matplotlib-25433,26,matplotlib__matplotlib-25433,READ_ONLY,"no observed write, delete, repo-state or network effect",1,"awk 'NR>=892&&NR<=902{print NR "": "" $0}' /testbed/lib/matplotlib/pyplot.py",edit,awk,api_boundary
OA01-M-10-matplotlib__matplotlib-25433,27,matplotlib__matplotlib-25433,READ_ONLY,"no observed write, delete, repo-state or network effect",1,"awk 'NR>=980&&NR<=1000{print NR "": "" $0}' /testbed/lib/matplotlib/pyplot.py",edit,awk,api_boundary
OA01-M-10-matplotlib__matplotlib-25433,28,matplotlib__matplotlib-25433,READ_ONLY,"no observed write, delete, repo-state or network effect",1,"awk 'NR>=940&&NR<=975{print NR "": "" $0}' /testbed/lib/matplotlib/widgets.py",edit,awk,api_boundary
OA01-M-10-matplotlib__matplotlib-25433,29,matplotlib__matplotlib-25433,READ_ONLY,"no observed write, delete, repo-state or network effect",1,head -60 /testbed/lib/matplotlib/figure.py,inspect,head,api_boundary
OA01-M-10-matplotlib__matplotlib-25433,30,matplotlib__matplotlib-25433,READ_ONLY,"no observed write, delete, repo-state or network effect",1,"awk 'NR>=980&&NR<=1005{print NR "": "" $0}' /testbed/lib/matplotlib/figure.py",edit,awk,api_boundary
OA01-M-10-matplotlib__matplotlib-25433,31,matplotlib__matplotlib-25433,READ_ONLY,"no observed write, delete, repo-state or network effect",1,"awk 'NR>=994&&NR<=999{print NR "": "" $0}' /testbed/lib/matplotlib/pyplot.py",edit,awk,api_boundary
OA01-M-10-matplotlib__matplotlib-25433,32,matplotlib__matplotlib-25433,READ_ONLY,"no observed write, delete, repo-state or network effect",1,"awk 'NR>=995&&NR<=1010{print NR "": "" $0}' /testbed/lib/matplotlib/widgets.py",edit,awk,api_boundary
OA01-M-10-matplotlib__matplotlib-25433,33,matplotlib__matplotlib-25433,READ_ONLY,"no observed write, delete, repo-state or network effect",1,"awk 'NR>=1&&NR<=60{print NR "": "" $0}' /testbed/lib/matplotlib/cbook.py",edit,awk,api_boundary
OA01-M-10-matplotlib__matplotlib-25433,34,matplotlib__matplotlib-25433,READ_ONLY,"no observed write, delete, repo-state or network effect",1,"awk 'NR>=1&&NR<=60{print NR "": "" $0}' /testbed/lib/matplotlib/cbook/__init__.py",edit,awk,api_boundary
OA01-M-10-matplotlib__matplotlib-25433,35,matplotlib__matplotlib-25433,READ_ONLY,"no observed write, delete, repo-state or network effect",1,"awk '/class CallbackRegistry/,/^$/ { print NR "": "" $0 }' /testbed/lib/matplotlib/cbook.py",inspect,awk,api_boundary
OA01-M-10-matplotlib__matplotlib-25433,36,matplotlib__matplotlib-25433,READ_ONLY,"no observed write, delete, repo-state or network effect",1,"awk 'NR>=113&&NR<=173{print NR "": "" $0}' /testbed/lib/matplotlib/cbook.py",edit,awk,api_boundary
OA01-M-10-matplotlib__matplotlib-25433,37,matplotlib__matplotlib-25433,READ_ONLY,"no observed write, delete, repo-state or network effect",1,"awk 'NR>=1&&NR<=60{print NR "": "" $0}' /testbed/lib/matplotlib/_pylab_helpers.py",edit,awk,api_boundary
OA01-M-10-matplotlib__matplotlib-25433,38,matplotlib__matplotlib-25433,READ_ONLY,"no observed write, delete, repo-state or network effect",1,"awk 'NR>=901&&NR<=920{print NR "": "" $0}' /testbed/lib/matplotlib/pyplot.py",edit,awk,api_boundary
OA01-M-10-matplotlib__matplotlib-25433,39,matplotlib__matplotlib-25433,READ_ONLY,"no observed write, delete, repo-state or network effect",1,"awk 'NR>=31&&NR<=71{print NR "": "" $0}' /testbed/lib/matplotlib/_pylab_helpers.py",edit,awk,api_boundary
OA01-M-10-matplotlib__matplotlib-25433,40,matplotlib__matplotlib-25433,READ_ONLY,"no observed write, delete, repo-state or network effect",1,"awk 'NR>=940&&NR<=980{print NR "": "" $0}' /testbed/lib/matplotlib/figure.py",edit,awk,api_boundary
OA01-M-10-matplotlib__matplotlib-25433,41,matplotlib__matplotlib-25433,READ_ONLY,"no observed write, delete, repo-state or network effect",1,"awk 'NR>=993&&NR<=997{print NR "": "" $0}' /testbed/lib/matplotlib/pyplot.py",edit,awk,api_boundary
OA01-M-10-matplotlib__matplotlib-25433,42,matplotlib__matplotlib-25433,READ_ONLY,"no observed write, delete, repo-state or network effect",1,"awk 'NR>=980&&NR<=1000{print NR "": "" $0}' /testbed/lib/matplotlib/figure.py",edit,awk,api_boundary
OA01-M-10-matplotlib__matplotlib-25433,43,matplotlib__matplotlib-25433,RECOVERABLE,"in-place edit under VCS: sed -i '/^def clf()/,/^$/c\
def clf(keep_observers=False):
    """"""Clear the curr",1,"sed -i '/^def clf()/,/^$/c\\ndef clf(keep_observers=False):\n    """"""Clear the current figure.\n\n    Parameters\n    ----------\n    keep_observers : bool, default: False\n        Set *keep_observers* to True if, for example,\n        a gui widget is tracking the Axes in the figure.\n    """"""\n    gcf().clear(keep_observers=keep_observers)\n' /testbed/lib/matplotlib/pyplot.py",edit,sed,api_boundary
OA01-M-10-matplotlib__matplotlib-25433,44,matplotlib__matplotlib-25433,READ_ONLY,"no observed write, delete, repo-state or network effect",1,"awk 'NR>=990&&NR<=999{print NR "": "" $0}' /testbed/lib/matplotlib/pyplot.py",edit,awk,api_boundary
OA01-M-10-matplotlib__matplotlib-25433,45,matplotlib__matplotlib-25433,RECOVERABLE,writes file via redirect -> /testbed/lib/matplotlib/pyplot.py,1,"cp /testbed/lib/matplotlib/pyplot.py /testbed/lib/matplotlib/pyplot.py.bak && awk 'NR==994{print ""def clf(keep_observers=False):\n    \""\""\""Clear the current figure.\n\n    Parameters\n    ----------\n    keep_observers : bool, default: False\n        Set *keep_observers* to True if, for example,\n        a gui widget is tracking the Axes in the figure.\n    \""\""\""\n    gcf().clear(keep_observers=keep_observers)\n""} NR<994||NR>996{print $0}' /testbed/lib/matplotlib/pyplot.py.bak > /testbed/lib/matplotlib/pyplot.py",edit,cp,api_boundary
OA01-M-10-matplotlib__matplotlib-25433,46,matplotlib__matplotlib-25433,READ_ONLY,"no observed write, delete, repo-state or network effect",1,"awk 'NR>=990&&NR<=999{print NR "": "" $0}' /testbed/lib/matplotlib/pyplot.py",edit,awk,api_boundary
OA01-M-10-matplotlib__matplotlib-25433,47,matplotlib__matplotlib-25433,READ_ONLY,"no observed write, delete, repo-state or network effect",1,"awk 'NR>=1000&&NR<=1010{print NR "": "" $0}' /testbed/lib/matplotlib/pyplot.py",edit,awk,api_boundary
OA01-M-10-matplotlib__matplotlib-25433,48,matplotlib__matplotlib-25433,RECOVERABLE,writes file via redirect -> patch.txt,1,git diff -- lib/matplotlib/pyplot.py > patch.txt,edit,git,api_boundary
OA01-M-10-matplotlib__matplotlib-25433,49,matplotlib__matplotlib-25433,READ_ONLY,"no observed write, delete, repo-state or network effect",1,head -40 patch.txt,edit,head,api_boundary
OA01-M-10-matplotlib__matplotlib-25433,50,matplotlib__matplotlib-25433,NO_COMMAND,turn issued no shell command,0,,reason_or_finalize,ANSWER,api_boundary
OA01-M-11-scikit-learn__scikit-learn-25638,0,scikit-learn__scikit-learn-25638,READ_ONLY,"no observed write, delete, repo-state or network effect",1,grep -r 'def unique_labels' /testbed,inspect,grep,traj
OA01-M-11-scikit-learn__scikit-learn-25638,1,scikit-learn__scikit-learn-25638,READ_ONLY,"no observed write, delete, repo-state or network effect",1,head -30 /testbed/sklearn/utils/multiclass.py,inspect,head,traj
OA01-M-11-scikit-learn__scikit-learn-25638,2,scikit-learn__scikit-learn-25638,READ_ONLY,"no observed write, delete, repo-state or network effect",1,grep -n 'def unique_labels' /testbed/sklearn/utils/multiclass.py,inspect,grep,traj
OA01-M-11-scikit-learn__scikit-learn-25638,3,scikit-learn__scikit-learn-25638,READ_ONLY,"no observed write, delete, repo-state or network effect",1,head -60 /testbed/sklearn/utils/multiclass.py,inspect,head,traj
OA01-M-11-scikit-learn__scikit-learn-25638,4,scikit-learn__scikit-learn-25638,READ_ONLY,"no observed write, delete, repo-state or network effect",1,head -100 /testbed/sklearn/utils/multiclass.py,inspect,head,traj
OA01-M-11-scikit-learn__scikit-learn-25638,5,scikit-learn__scikit-learn-25638,READ_ONLY,"no observed write, delete, repo-state or network effect",1,grep -r 'def type_of_target' /testbed,inspect,grep,traj
OA01-M-11-scikit-learn__scikit-learn-25638,6,scikit-learn__scikit-learn-25638,READ_ONLY,"no observed write, delete, repo-state or network effect",1,head -60 /testbed/sklearn/utils/multiclass.py | tail -30,inspect,head,traj
OA01-M-11-scikit-learn__scikit-learn-25638,7,scikit-learn__scikit-learn-25638,READ_ONLY,"no observed write, delete, repo-state or network effect",1,grep -n 'def type_of_target' /testbed/sklearn/utils/multiclass.py,inspect,grep,traj
OA01-M-11-scikit-learn__scikit-learn-25638,8,scikit-learn__scikit-learn-25638,READ_ONLY,"no observed write, delete, repo-state or network effect",1,head -240 /testbed/sklearn/utils/multiclass.py | tail -40,inspect,head,traj
OA01-M-11-scikit-learn__scikit-learn-25638,9,scikit-learn__scikit-learn-25638,READ_ONLY,"no observed write, delete, repo-state or network effect",1,head -270 /testbed/sklearn/utils/multiclass.py | tail -60,inspect,head,traj
OA01-M-11-scikit-learn__scikit-learn-25638,10,scikit-learn__scikit-learn-25638,READ_ONLY,"no observed write, delete, repo-state or network effect",1,head -320 /testbed/sklearn/utils/multiclass.py | tail -50,inspect,head,traj
OA01-M-11-scikit-learn__scikit-learn-25638,11,scikit-learn__scikit-learn-25638,READ_ONLY,"no observed write, delete, repo-state or network effect",1,head -370 /testbed/sklearn/utils/multiclass.py | tail -50,inspect,head,traj
OA01-M-11-scikit-learn__scikit-learn-25638,12,scikit-learn__scikit-learn-25638,READ_ONLY,"no observed write, delete, repo-state or network effect",1,head -400 /testbed/sklearn/utils/multiclass.py | tail -30,inspect,head,traj
OA01-M-11-scikit-learn__scikit-learn-25638,13,scikit-learn__scikit-learn-25638,READ_ONLY,"no observed write, delete, repo-state or network effect",1,grep -i pandas /testbed/sklearn/utils/multiclass.py,inspect,grep,traj
OA01-M-11-scikit-learn__scikit-learn-25638,14,scikit-learn__scikit-learn-25638,READ_ONLY,"no observed write, delete, repo-state or network effect",1,grep -i import /testbed/sklearn/utils/multiclass.py,inspect,grep,traj
OA01-M-11-scikit-learn__scikit-learn-25638,15,scikit-learn__scikit-learn-25638,READ_ONLY,"no observed write, delete, repo-state or network effect",1,grep -A20 -n 'def type_of_target' /testbed/sklearn/utils/multiclass.py,inspect,grep,traj
OA01-M-11-scikit-learn__scikit-learn-25638,16,scikit-learn__scikit-learn-25638,READ_ONLY,"no observed write, delete, repo-state or network effect",1,head -20 /testbed/sklearn/utils/multiclass.py,inspect,head,traj
OA01-M-11-scikit-learn__scikit-learn-25638,17,scikit-learn__scikit-learn-25638,READ_ONLY,"no observed write, delete, repo-state or network effect",1,ls /testbed/sklearn/utils/ | grep -i multiclass,inspect,ls,traj
OA01-M-11-scikit-learn__scikit-learn-25638,18,scikit-learn__scikit-learn-25638,READ_ONLY,"no observed write, delete, repo-state or network effect",1,ls /testbed/sklearn/utils/ | grep -i array,inspect,ls,traj
OA01-M-11-scikit-learn__scikit-learn-25638,19,scikit-learn__scikit-learn-25638,READ_ONLY,"no observed write, delete, repo-state or network effect",1,ls -1 /testbed/sklearn/utils/,inspect,ls,traj
OA01-M-11-scikit-learn__scikit-learn-25638,20,scikit-learn__scikit-learn-25638,READ_ONLY,"no observed write, delete, repo-state or network effect",1,head -420 /testbed/sklearn/utils/multiclass.py | tail -80,edit,head,traj
OA01-M-11-scikit-learn__scikit-learn-25638,21,scikit-learn__scikit-learn-25638,RECOVERABLE,"in-place edit under VCS: sed -i '/def type_of_target/a\
    # BEGIN PATCH: Handle pandas nullable dtypes\",1,"sed -i '/def type_of_target/a\\n    # BEGIN PATCH: Handle pandas nullable dtypes\\n    try:\\n        import pandas as _pd\\n        if isinstance(y, (_pd.Series, _pd.DataFrame)):\\n            nullable_dtypes = [""Int64"", ""Float64"", ""boolean""]\\n            if str(getattr(y, ""dtype"", """")) in nullable_dtypes:\\n                # Convert pandas Series/DataFrame with nullable dtype to numpy array with correct dtype\\n                y = y.astype(y.dtype.name.lower().replace(""boolean"", ""bool"")).to_numpy()\\n    except ImportError:\\n        pass\\n    # END PATCH: Handle pandas nullable dtypes' /testbed/sklearn/utils/multiclass.py",reason_or_finalize,sed,traj
OA01-M-11-scikit-learn__scikit-learn-25638,22,scikit-learn__scikit-learn-25638,RECOVERABLE,writes file via redirect -> patch.txt,1,git diff -- /testbed/sklearn/utils/multiclass.py > patch.txt,inspect,git,traj
OA01-M-11-scikit-learn__scikit-learn-25638,23,scikit-learn__scikit-learn-25638,READ_ONLY,"no observed write, delete, repo-state or network effect",1,head -40 patch.txt,edit,head,traj
OA01-M-11-scikit-learn__scikit-learn-25638,24,scikit-learn__scikit-learn-25638,IRREVERSIBLE,"submits final answer (task-terminating, external)",1,echo COMPLETE_TASK_AND_SUBMIT_FINAL_OUTPUT && cat patch.txt,reason_or_finalize,submit,traj
OA01-M-11-scikit-learn__scikit-learn-25638,25,scikit-learn__scikit-learn-25638,RECOVERABLE,"in-place edit under VCS: sed -i '/def type_of_target/a\
    # BEGIN PATCH: Handle pandas nullable dtypes\",1,"sed -i '/def type_of_target/a\\n    # BEGIN PATCH: Handle pandas nullable dtypes\\n    try:\\n        import pandas as _pd\\n        if isinstance(y, (_pd.Series, _pd.DataFrame)):\\n            nullable_dtypes = [""Int64"", ""Float64"", ""boolean""]\\n            if str(getattr(y, ""dtype"", """")) in nullable_dtypes:\\n                # Convert pandas Series/DataFrame with nullable dtype to numpy array with correct dtype\\n                y = y.astype(y.dtype.name.lower().replace(""boolean"", ""bool"")).to_numpy()\\n    except ImportError:\\n        pass\\n    # END PATCH: Handle pandas nullable dtypes' /testbed/sklearn/utils/multiclass.py",edit,sed,api_boundary
OA01-M-11-scikit-learn__scikit-learn-25638,26,scikit-learn__scikit-learn-25638,RECOVERABLE,writes file via redirect -> patch.txt,1,git diff -- /testbed/sklearn/utils/multiclass.py > patch.txt,edit,git,api_boundary
OA01-M-11-scikit-learn__scikit-learn-25638,27,scikit-learn__scikit-learn-25638,READ_ONLY,"no observed write, delete, repo-state or network effect",1,head -40 patch.txt,edit,head,api_boundary
OA01-M-11-scikit-learn__scikit-learn-25638,28,scikit-learn__scikit-learn-25638,IRREVERSIBLE,"submits final answer (task-terminating, external)",1,echo COMPLETE_TASK_AND_SUBMIT_FINAL_OUTPUT && cat patch.txt,submit,submit,api_boundary
OA01-M-12-sympy__sympy-14308,0,sympy__sympy-14308,READ_ONLY,"no observed write, delete, repo-state or network effect",3,find /testbed -type f -iname '*vector*' ;; grep -ri 'pretty' /testbed | head -50 ;; grep -ri 'print' /testbed | head -50,inspect+inspect+inspect,find,traj
OA01-M-12-sympy__sympy-14308,1,sympy__sympy-14308,READ_ONLY,"no observed write, delete, repo-state or network effect",4,grep -ni 'class ' /testbed/sympy/vector/vector.py; grep -ni 'def ' /testbed/sympy/vector/vector.py ;; grep -ni 'class ' /testbed/sympy/physics/vector/vector.py; grep -ni 'def ' /testbed/sympy/physics/vector/vector.py ;; grep -i 'pretty' /testbed/sympy/vector/vector.py ;; grep -i 'pretty' /testbed/sympy/physics/vector/vector.py,inspect+inspect+inspect+inspect,grep,traj
OA01-M-12-sympy__sympy-14308,2,sympy__sympy-14308,READ_ONLY,"no observed write, delete, repo-state or network effect",1,"cat -n /testbed/sympy/physics/vector/vector.py | sed -n '240,300p'",inspect,cat,traj
OA01-M-12-sympy__sympy-14308,3,sympy__sympy-14308,READ_ONLY,"no observed write, delete, repo-state or network effect",2,grep -ni 'class VectorPrettyPrinter' /testbed/sympy/physics/vector/printing.py ;; grep -ni 'def right' /testbed/sympy/printing/pretty/stringpict.py; grep -ni 'def __add__' /testbed/sympy/printing/pretty/stringpict.py,inspect+inspect,grep,traj
OA01-M-12-sympy__sympy-14308,4,sympy__sympy-14308,READ_ONLY,"no observed write, delete, repo-state or network effect",3,"cat -n /testbed/sympy/physics/vector/printing.py | sed -n '163,213p' ;; cat -n /testbed/sympy/printing/pretty/stringpict.py | sed -n '80,100p' ;; cat -n /testbed/sympy/printing/pretty/stringpict.py | sed -n '380,400p'",inspect+inspect+inspect,cat,traj
OA01-M-12-sympy__sympy-14308,5,sympy__sympy-14308,READ_ONLY,"no observed write, delete, repo-state or network effect",4,grep -i 'center' /testbed/sympy/printing/pretty/stringpict.py ;; grep -i 'align' /testbed/sympy/printing/pretty/stringpict.py ;; grep -i 'baseline' /testbed/sympy/printing/pretty/stringpict.py ;; grep -i 'join' /testbed/sympy/printing/pretty/stringpict.py,inspect+inspect+inspect+inspect,grep,traj
OA01-M-12-sympy__sympy-14308,6,sympy__sympy-14308,READ_ONLY,"no observed write, delete, repo-state or network effect",1,"cat -n /testbed/sympy/printing/pretty/stringpict.py | sed -n '80,120p'",inspect,cat,traj
OA01-M-12-sympy__sympy-14308,7,sympy__sympy-14308,RECOVERABLE,writes file via redirect -> /tmp/vector_pretty_block.py,1,"cp /testbed/sympy/physics/vector/vector.py /testbed/sympy/physics/vector/vector.py.bak && sed '/def _pretty(self, printer=None):/,/^ *def /{p;/def _pretty(self, printer=None):/b;d};/^ *def /q' /testbed/sympy/physics/vector/vector.py > /tmp/vector_pretty_block.py && echo '[EXTRACTED]'",edit,cp,traj
OA01-M-12-sympy__sympy-14308,8,sympy__sympy-14308,READ_ONLY,"no observed write, delete, repo-state or network effect",1,cat /tmp/vector_pretty_block.py,inspect,cat,traj
OA01-M-12-sympy__sympy-14308,9,sympy__sympy-14308,READ_ONLY,"no observed write, delete, repo-state or network effect",1,"cat -n /testbed/sympy/physics/vector/vector.py | sed -n '250,299p'",inspect,cat,traj
OA01-M-12-sympy__sympy-14308,10,sympy__sympy-14308,READ_ONLY,"no observed write, delete, repo-state or network effect",1,"cat /testbed/sympy/printing/pretty/stringpict.py | grep -n ""def next""",inspect,cat,traj
OA01-M-12-sympy__sympy-14308,11,sympy__sympy-14308,READ_ONLY,"no observed write, delete, repo-state or network effect",1,"cat -n /testbed/sympy/printing/pretty/stringpict.py | sed -n '57,79p'",inspect,cat,traj
OA01-M-12-sympy__sympy-14308,12,sympy__sympy-14308,AMBIGUOUS,"arbitrary-effect or unknown verb: python3 -c ""import fileinput, sys\nfrom sympy import Add\nwith fileinput.input(f",1,"cp /testbed/sympy/physics/vector/vector.py /testbed/sympy/physics/vector/vector.py.old && python3 -c ""import fileinput, sys\nfrom sympy import Add\nwith fileinput.input(files=['/testbed/sympy/physics/vector/vector.py'], inplace=True, backup='.backup') as f:\n    for line in f:\n        if 'pform = prettyForm(*pform.right(' in line or 'pform = prettyForm(*pform.right(' in line:\n            print('                                # Center coefficient and basis\n                                coef_pform = pform')\n            print('                                basis_pform = vp._print(ar[i][1].pretty_vecs[j])')\n            print('                                # Use stringpict.next to horizontally join, aligning baselines')\n            print('                                from sympy.printing.pretty.stringpict import stringPict')\n            print('                                pform_str, pform_baseline = stringPict.next(coef_pform, basis_pform)')\n            print('                                pform = prettyForm(pform_str, baseline=pform_baseline)')\n        else:\n            print(line, end='')""",shell_other,cp,traj
OA01-M-12-sympy__sympy-14308,13,sympy__sympy-14308,IRREVERSIBLE,deletes/moves content: mv /testbed/sympy/physics/vector/vector.py.tmp /testbed/sympy/physics/vector/vec,1,"cp /testbed/sympy/physics/vector/vector.py /testbed/sympy/physics/vector/vector.py.bak2 && sed '285s/.*/                                # Center coefficient and basis\n                                coef_pform = pform\n                                basis_pform = vp._print(ar[i][1].pretty_vecs[j])\n                                from sympy.printing.pretty.stringpict import stringPict\n                                pform_str, pform_baseline = stringPict.next(coef_pform, basis_pform)\n                                pform = prettyForm(pform_str, baseline=pform_baseline)/' /testbed/sympy/physics/vector/vector.py > /testbed/sympy/physics/vector/vector.py.tmp && mv /testbed/sympy/physics/vector/vector.py.tmp /testbed/sympy/physics/vector/vector.py",edit,cp,traj
OA01-M-12-sympy__sympy-14308,14,sympy__sympy-14308,READ_ONLY,"no observed write, delete, repo-state or network effect",1,diff -u /testbed/sympy/physics/vector/vector.py.bak2 /testbed/sympy/physics/vector/vector.py | head -30,inspect,diff,traj
OA01-M-12-sympy__sympy-14308,15,sympy__sympy-14308,RECOVERABLE,writes file via redirect -> patch.txt,1,git diff -- /testbed/sympy/physics/vector/vector.py > patch.txt,edit,git,traj
OA01-M-12-sympy__sympy-14308,16,sympy__sympy-14308,READ_ONLY,"no observed write, delete, repo-state or network effect",1,head -40 patch.txt,edit,head,traj
OA01-M-12-sympy__sympy-14308,17,sympy__sympy-14308,IRREVERSIBLE,"submits final answer (task-terminating, external)",1,echo COMPLETE_TASK_AND_SUBMIT_FINAL_OUTPUT && cat patch.txt,submit,submit,traj
OA01-M-13-django__django-12708,0,django__django-12708,READ_ONLY,"no observed write, delete, repo-state or network effect",4,ls -lR testbed | grep -i index ;; grep -r 'drop' testbed | grep -i index ;; grep -ir 'unique_together' testbed ;; grep -ir 'index_together' testbed,inspect+inspect+inspect+inspect,ls,traj
OA01-M-13-django__django-12708,1,django__django-12708,READ_ONLY,"no observed write, delete, repo-state or network effect",1,ls -la,inspect,ls,traj
OA01-M-13-django__django-12708,2,django__django-12708,READ_ONLY,"no observed write, delete, repo-state or network effect",1,ls -la django/db/backends/base/,inspect,ls,traj
OA01-M-13-django__django-12708,3,django__django-12708,READ_ONLY,"no observed write, delete, repo-state or network effect",1,grep -n 'def ' django/db/backends/base/schema.py | grep -i delete,inspect,grep,traj
OA01-M-13-django__django-12708,4,django__django-12708,READ_ONLY,"no observed write, delete, repo-state or network effect",1,awk 'NR>=378&&NR<=420' django/db/backends/base/schema.py,edit,awk,traj
OA01-M-13-django__django-12708,5,django__django-12708,READ_ONLY,"no observed write, delete, repo-state or network effect",1,awk 'NR>=420&&NR<=440' django/db/backends/base/schema.py,edit,awk,traj
OA01-M-13-django__django-12708,6,django__django-12708,READ_ONLY,"no observed write, delete, repo-state or network effect",1,awk 'NR>=360&&NR<=378' django/db/backends/base/schema.py,edit,awk,traj
OA01-M-13-django__django-12708,7,django__django-12708,READ_ONLY,"no observed write, delete, repo-state or network effect",1,grep -n 'def _constraint_names' django/db/backends/base/schema.py,inspect,grep,traj
OA01-M-13-django__django-12708,8,django__django-12708,READ_ONLY,"no observed write, delete, repo-state or network effect",1,awk 'NR>=1142&&NR<=1170' django/db/backends/base/schema.py,edit,awk,traj
OA01-M-13-django__django-12708,9,django__django-12708,READ_ONLY,"no observed write, delete, repo-state or network effect",1,"awk '/def /{print NR, $0}' django/db/backends/base/schema.py | grep 'execute'",inspect,awk,traj
OA01-M-13-django__django-12708,10,django__django-12708,READ_ONLY,"no observed write, delete, repo-state or network effect",1,grep -n 'get_constraints' django/db/backends/base/schema.py,inspect,grep,traj
OA01-M-13-django__django-12708,11,django__django-12708,READ_ONLY,"no observed write, delete, repo-state or network effect",1,grep -n 'def ' django/db/backends/base/introspection.py,inspect,grep,traj
OA01-M-13-django__django-12708,12,django__django-12708,READ_ONLY,"no observed write, delete, repo-state or network effect",1,awk 'NR>=171&&NR<=195' django/db/backends/base/introspection.py,edit,awk,traj
OA01-M-13-django__django-12708,13,django__django-12708,READ_ONLY,"no observed write, delete, repo-state or network effect",1,ls -la django/db/backends/ | grep -v base,inspect,ls,traj
OA01-M-13-django__django-12708,14,django__django-12708,READ_ONLY,"no observed write, delete, repo-state or network effect",1,grep -ir 'def get_constraints' django/db/backends/mysql/ django/db/backends/sqlite3/ django/db/backends/postgresql/ django/db/backends/oracle/,inspect,grep,traj
OA01-M-13-django__django-12708,15,django__django-12708,READ_ONLY,"no observed write, delete, repo-state or network effect",4,awk '/def get_constraints/{flag=1} flag; /return / && flag{exit}' django/db/backends/mysql/introspection.py ;; awk '/def get_constraints/{flag=1} flag; /return / && flag{exit}' django/db/backends/sqlite3/introspection.py ;; awk '/def get_constraints/{flag=1} flag; /return / && flag{exit}' django/db/backends/postgresql/introspection.py ;; awk '/def get_constraints/{flag=1} flag; /return / && flag{exit}' django/db/backends/oracle/introspection.py,inspect+inspect+inspect+inspect,awk,traj
OA01-M-13-django__django-12708,16,django__django-12708,READ_ONLY,"no observed write, delete, repo-state or network effect",1,awk 'NR>=395&&NR<=420' django/db/backends/base/schema.py,edit,awk,traj
OA01-M-13-django__django-12708,17,django__django-12708,READ_ONLY,"no observed write, delete, repo-state or network effect",1,head -20 django/db/backends/base/schema.py,inspect,head,traj
OA01-M-13-django__django-12708,18,django__django-12708,READ_ONLY,"no observed write, delete, repo-state or network effect",1,head -30 django/db/backends/base/schema.py | tail -10,inspect,head,traj
OA01-M-13-django__django-12708,19,django__django-12708,READ_ONLY,"no observed write, delete, repo-state or network effect",1,head -420 django/db/backends/base/schema.py | tail -50,inspect,head,traj
OA01-M-13-django__django-12708,20,django__django-12708,READ_ONLY,"no observed write, delete, repo-state or network effect",1,head -80 django/db/backends/base/schema.py | tail -20,inspect,head,traj
OA01-M-13-django__django-12708,21,django__django-12708,READ_ONLY,"no observed write, delete, repo-state or network effect",1,head -1160 django/db/backends/base/schema.py | tail -40,inspect,head,traj
OA01-M-13-django__django-12708,22,django__django-12708,READ_ONLY,"no observed write, delete, repo-state or network effect",1,head -1180 django/db/backends/base/schema.py | tail -20,inspect,head,traj
OA01-M-13-django__django-12708,23,django__django-12708,READ_ONLY,"no observed write, delete, repo-state or network effect",1,ls -la django/db/models/ | grep meta,inspect,ls,traj
OA01-M-13-django__django-12708,24,django__django-12708,READ_ONLY,"no observed write, delete, repo-state or network effect",1,ls -la django/db/models/,inspect,ls,traj
OA01-M-13-django__django-12708,25,django__django-12708,READ_ONLY,"no observed write, delete, repo-state or network effect",1,head -40 django/db/models/options.py,inspect,head,traj
OA01-M-13-django__django-12708,26,django__django-12708,AMBIGUOUS,arbitrary-effect or unknown verb: nano --version,1,cp django/db/backends/base/schema.py django/db/backends/base/schema.py.bak && nano --version,shell_other,cp,traj
OA01-M-13-django__django-12708,27,django__django-12708,RECOVERABLE,creates/copies file: cp django/db/backends/base/schema.py django/db/backends/base/schema.py.bak,1,cp django/db/backends/base/schema.py django/db/backends/base/schema.py.bak && head -30 django/db/backends/base/schema.py,inspect,cp,traj
OA01-M-13-django__django-12708,28,django__django-12708,RECOVERABLE,writes file via redirect -> schema.tmp,1,cat django/db/backends/base/schema.py > schema.tmp && head -30 schema.tmp,edit,cat,traj
OA01-M-13-django__django-12708,29,django__django-12708,READ_ONLY,"no observed write, delete, repo-state or network effect",1,"awk '{print NR,$0}' django/db/backends/base/schema.py | grep _delete_composed_index",inspect,awk,traj
OA01-M-13-django__django-12708,30,django__django-12708,READ_ONLY,"no observed write, delete, repo-state or network effect",1,"awk '{print NR"" ""$0}' django/db/backends/base/schema.py | sed -n '402,421p'",inspect,awk,traj
OA01-M-13-django__django-12708,31,django__django-12708,READ_ONLY,"no observed write, delete, repo-state or network effect",1,"awk '{print NR"" ""$0}' django/db/backends/base/schema.py | sed -n '1142,1171p'",inspect,awk,traj
OA01-M-13-django__django-12708,32,django__django-12708,READ_ONLY,"no observed write, delete, repo-state or network effect",1,"awk ""{print NR\"" \$0\""}"" django/db/backends/base/schema.py | sed -n '1171,1191p'",inspect,awk,traj
OA01-M-13-django__django-12708,33,django__django-12708,RECOVERABLE,writes file via redirect -> _edit_chunk.py,1,awk 'NR>=402&&NR<=417' django/db/backends/base/schema.py > _edit_chunk.py && cat _edit_chunk.py,edit,awk,traj
OA01-M-13-django__django-12708,34,django__django-12708,RECOVERABLE,writes file via redirect -> _edit_con_names.py,1,awk 'NR>=1142&&NR<=1170' django/db/backends/base/schema.py > _edit_con_names.py && cat _edit_con_names.py,edit,awk,traj
OA01-M-13-django__django-12708,35,django__django-12708,RECOVERABLE,creates/copies file: cp django/db/backends/base/schema.py schema.py.editwork,1,cp django/db/backends/base/schema.py schema.py.editwork,shell_other,cp,traj
OA01-M-13-django__django-12708,36,django__django-12708,IRREVERSIBLE,deletes/moves content: mv _tmp schema.py.editwork,1,"cat schema.py.editwork | sed '402,417d' > _tmp && mv _tmp schema.py.editwork",edit,cat,traj
OA01-M-13-django__django-12708,37,django__django-12708,IRREVERSIBLE,deletes/moves content: mv _tmp2 schema.py.editwork,1,"cat schema.py.editwork | awk 'NR==402{system(""cat _edit_chunk.py"");next} 1' > _tmp2 && mv _tmp2 schema.py.editwork",edit,cat,traj
OA01-M-13-django__django-12708,38,django__django-12708,IRREVERSIBLE,deletes/moves content: mv _tmp3 schema.py.editwork,1,"cat schema.py.editwork | awk 'NR==409{ print ""        # --- BEGIN WORKAROUND FOR index_together AND unique_together OVERLAP ---""; print ""        if len(constraint_names) > 1:""; print ""            # Filter: if deleting just an index, prefer only non-unique (plain) index; if deleting unique, prefer only unique""; print ""            with self.connection.cursor() as cursor:""; print ""                constraints_meta = self.connection.introspection.get_constraints(cursor, model._meta.db_table)""; print ""                filtered = []""; print ""                for cname in constraint_names:""; print ""                    meta = constraints_meta[cname]""; print ""                    # If deleting index, prefer those that are NOT also unique; If deleting unique, prefer those that ARE unique""; print ""                    if constraint_kwargs.get('index') and not constraint_kwargs.get('unique', False):""; print ""                        if not meta.get('unique', False): filtered.append(cname)""; print ""                    elif constraint_kwargs.get('unique'):""; print ""                        if meta.get('unique', False): filtered.append(cname)""; print ""                if filtered:""; print ""                    constraint_names = filtered""; print ""        # --- END WORKAROUND ---""; next } 1' > _tmp3 && mv _tmp3 schema.py.editwork",edit,cat,traj
OA01-M-13-django__django-12708,39,django__django-12708,RECOVERABLE,creates/copies file: cp schema.py.editwork django/db/backends/base/schema.py,1,cp schema.py.editwork django/db/backends/base/schema.py,shell_other,cp,traj
OA01-M-13-django__django-12708,40,django__django-12708,RECOVERABLE,writes file via redirect -> patch.txt,1,git diff -- django/db/backends/base/schema.py > patch.txt,edit,git,traj
OA01-M-13-django__django-12708,41,django__django-12708,READ_ONLY,"no observed write, delete, repo-state or network effect",1,head -40 patch.txt,edit,head,traj
OA01-M-13-django__django-12708,42,django__django-12708,IRREVERSIBLE,"submits final answer (task-terminating, external)",1,echo COMPLETE_TASK_AND_SUBMIT_FINAL_OUTPUT && cat patch.txt,submit,submit,traj
OA01-M-14-sympy__sympy-24152,0,sympy__sympy-24152,READ_ONLY,"no observed write, delete, repo-state or network effect",3,"grep -rn ""class TensorProduct"" . ;; grep -rn ""def _eval_expand_tensorproduct"" . ;; grep -rn ""def args_cnc"" .",inspect+inspect+inspect,grep,traj
OA01-M-14-sympy__sympy-24152,1,sympy__sympy-24152,READ_ONLY,"no observed write, delete, repo-state or network effect",2,"awk 'NR>=230 && NR<=270 {print NR"": ""$0}' sympy/physics/quantum/tensorproduct.py ;; awk 'NR>=1270 && NR<=1300 {print NR"": ""$0}' sympy/core/expr.py",edit+edit,awk,traj
OA01-M-14-sympy__sympy-24152,2,sympy__sympy-24152,RECOVERABLE,"in-place edit under VCS: sed -i '248,251c\
                    c_part, nc_part = tp.args_cnc()\
         ",1,"sed -i '248,251c\\n                    c_part, nc_part = tp.args_cnc()\\n                    if len(nc_part)==1 and isinstance(nc_part[0], TensorProduct):\\n                        nc_part = (nc_part[0]._eval_expand_tensorproduct(), )\\n                    add_args.append(Mul(*c_part)*Mul(*nc_part))' sympy/physics/quantum/tensorproduct.py",edit,sed,traj
OA01-M-14-sympy__sympy-24152,3,sympy__sympy-24152,RECOVERABLE,writes file via redirect -> patch.txt,1,git diff -- sympy/physics/quantum/tensorproduct.py > patch.txt,edit,git,traj
OA01-M-14-sympy__sympy-24152,4,sympy__sympy-24152,READ_ONLY,"no observed write, delete, repo-state or network effect",1,cat patch.txt,edit,cat,traj
OA01-M-14-sympy__sympy-24152,5,sympy__sympy-24152,IRREVERSIBLE,"submits final answer (task-terminating, external)",1,echo COMPLETE_TASK_AND_SUBMIT_FINAL_OUTPUT && cat patch.txt,reason_or_finalize,submit,traj
OA01-M-14-sympy__sympy-24152,6,sympy__sympy-24152,IRREVERSIBLE,"submits final answer (task-terminating, external)",1,echo COMPLETE_TASK_AND_SUBMIT_FINAL_OUTPUT && cat patch.txt,submit,submit,api_boundary
OA01-P-00-pallets__flask-4992,0,pallets__flask-4992,READ_ONLY,"no observed write, delete, repo-state or network effect",2,grep -rn 'class Config' ./ ;; grep -rn 'def from_file' ./.,inspect+inspect,grep,traj
OA01-P-00-pallets__flask-4992,1,pallets__flask-4992,READ_ONLY,"no observed write, delete, repo-state or network effect",1,head -40 ./src/flask/config.py,inspect,head,traj
OA01-P-00-pallets__flask-4992,2,pallets__flask-4992,READ_ONLY,"no observed write, delete, repo-state or network effect",1,head -60 ./src/flask/config.py,inspect,head,traj
OA01-P-00-pallets__flask-4992,3,pallets__flask-4992,READ_ONLY,"no observed write, delete, repo-state or network effect",1,"awk 'NR>=220 && NR<=260 {print NR "": "" $0}' ./src/flask/config.py",edit,awk,traj
OA01-P-00-pallets__flask-4992,4,pallets__flask-4992,READ_ONLY,"no observed write, delete, repo-state or network effect",1,"awk 'NR>=261 && NR<=280{print NR "": "" $0}' ./src/flask/config.py",edit,awk,traj
OA01-P-00-pallets__flask-4992,5,pallets__flask-4992,RECOVERABLE,"in-place edit under VCS: sed -i '232,237s/)$/,\n        mode: str = ""t"",\n    ) -> bool:/' ./src/flask/co",1,"sed -i '232,237s/)$/,\n        mode: str = ""t"",\n    ) -> bool:/' ./src/flask/config.py && sed -i '258i \\n        :param mode: The file open mode. Use ""t"" (default) for text and ""b"" for binary.\n        ' ./src/flask/config.py && sed -i '263,264c\\n            _mode = {""t"": ""r"", ""b"": ""rb""}.get(mode, mode)\n            with open(filename, _mode) as f:' ./src/flask/config.py'",edit,sed,traj
OA01-P-00-pallets__flask-4992,6,pallets__flask-4992,IRREVERSIBLE,deletes/moves content: mv ./src/flask/config.py.tmp ./src/flask/config.py,3,"sed -i '237i\        mode: str = ""t"",' ./src/flask/config.py ;; sed -i '258i\        :param mode: The file open mode. Use ""t"" (default) for text and ""b"" for binary.' ./src/flask/config.py ;; awk 'NR==264{print ""            _mode = {\""t\"": \""r\"", \""b\"": \""rb\""}.get(mode, mode)\n            with open(filename, _mode) as f:""; next} 1' ./src/flask/config.py > ./src/flask/config.py.tmp && mv ./src/flask/config.py.tmp ./src/flask/config.py",edit+edit+edit,sed,traj
OA01-P-00-pallets__flask-4992,7,pallets__flask-4992,READ_ONLY,"no observed write, delete, repo-state or network effect",1,"awk 'NR>=232 && NR<=274 {print NR "": "" $0}' ./src/flask/config.py",edit,awk,traj
OA01-P-00-pallets__flask-4992,8,pallets__flask-4992,READ_ONLY,"no observed write, delete, repo-state or network effect",1,"awk 'NR>=263 && NR<=273 {print NR "": "" $0}' ./src/flask/config.py",edit,awk,traj
OA01-P-00-pallets__flask-4992,9,pallets__flask-4992,READ_ONLY,"no observed write, delete, repo-state or network effect",1,"awk 'NR>=263 && NR<=273 {print NR "": "" $0}' ./src/flask/config.py | cat -n",edit,awk,traj
OA01-P-00-pallets__flask-4992,10,pallets__flask-4992,IRREVERSIBLE,deletes/moves content: mv ./src/flask/config.py.tmp ./src/flask/config.py,1,"awk 'NR==266{print ""        try:""; print ""            _mode = {\""t\"": \""r\"", \""b\"": \""rb\""}.get(mode, mode)""; print ""            with open(filename, _mode) as f:""; print ""                obj = load(f)""; next} NR<266 || NR>268 {print $0}' ./src/flask/config.py > ./src/flask/config.py.tmp && mv ./src/flask/config.py.tmp ./src/flask/config.py && awk 'NR>=263 && NR<=273 {print NR "": "" $0}' ./src/flask/config.py",edit,awk,traj
OA01-P-00-pallets__flask-4992,11,pallets__flask-4992,READ_ONLY,"no observed write, delete, repo-state or network effect",1,"awk 'NR>=263 && NR<=274 {print NR "": "" $0}' ./src/flask/config.py",edit,awk,traj
OA01-P-00-pallets__flask-4992,12,pallets__flask-4992,IRREVERSIBLE,deletes/moves content: mv ./src/flask/config.fixed.py ./src/flask/config.py,1,"awk '(NR<264 || NR>265) {print $0}' ./src/flask/config.py > ./src/flask/config.fixed.py && mv ./src/flask/config.fixed.py ./src/flask/config.py && awk 'NR>=263 && NR<=274 {print NR "": "" $0}' ./src/flask/config.py",edit,awk,traj
OA01-P-00-pallets__flask-4992,13,pallets__flask-4992,RECOVERABLE,writes file via redirect -> patch.txt,1,git diff -- src/flask/config.py > patch.txt,edit,git,traj
OA01-P-00-pallets__flask-4992,14,pallets__flask-4992,READ_ONLY,"no observed write, delete, repo-state or network effect",1,head patch.txt,edit,head,traj
OA01-P-00-pallets__flask-4992,15,pallets__flask-4992,READ_ONLY,"no observed write, delete, repo-state or network effect",1,cat patch.txt,edit,cat,traj
OA01-P-00-pallets__flask-4992,16,pallets__flask-4992,IRREVERSIBLE,"submits final answer (task-terminating, external)",1,echo COMPLETE_TASK_AND_SUBMIT_FINAL_OUTPUT && cat patch.txt,reason_or_finalize,submit,traj
OA01-P-00-pallets__flask-4992,17,pallets__flask-4992,IRREVERSIBLE,"submits final answer (task-terminating, external)",1,echo COMPLETE_TASK_AND_SUBMIT_FINAL_OUTPUT && cat patch.txt,submit,submit,api_boundary
OA01-P-01-django__django-14608,0,django__django-14608,READ_ONLY,"no observed write, delete, repo-state or network effect",3,grep -rnw 'FormSet' /testbed ;; grep -rnw 'ErrorList' /testbed ;; grep -rnw 'nonfield' /testbed,inspect+inspect+inspect,grep,traj
OA01-P-01-django__django-14608,1,django__django-14608,READ_ONLY,"no observed write, delete, repo-state or network effect",1,"sed -n '270,310p' /testbed/django/forms/formsets.py",inspect,sed,traj
OA01-P-01-django__django-14608,2,django__django-14608,READ_ONLY,"no observed write, delete, repo-state or network effect",1,grep -n 'def full_clean' /testbed/django/forms/formsets.py,inspect,grep,traj
OA01-P-01-django__django-14608,3,django__django-14608,READ_ONLY,"no observed write, delete, repo-state or network effect",1,"sed -n '330,370p' /testbed/django/forms/formsets.py",inspect,sed,traj
OA01-P-01-django__django-14608,4,django__django-14608,RECOVERABLE,in-place edit under VCS: sed -i 's/self._non_form_errors = self.error_class()/self._non_form_errors = sel,1,"sed -i 's/self._non_form_errors = self.error_class()/self._non_form_errors = self.error_class(error_class=""nonform"")/' /testbed/django/forms/formsets.py",edit,sed,traj
OA01-P-01-django__django-14608,5,django__django-14608,RECOVERABLE,"in-place edit under VCS: sed -i '/def non_form_errors/,/^    def /{s/Return an ErrorList of errors that a",1,"sed -i '/def non_form_errors/,/^    def /{s/Return an ErrorList of errors that aren/'""Return an ErrorList of errors (with the 'nonform' CSS class) that aren/""}' /testbed/django/forms/formsets.py",edit,sed,traj
OA01-P-01-django__django-14608,6,django__django-14608,READ_ONLY,"no observed write, delete, repo-state or network effect",1,"sed -n '292,303p' /testbed/django/forms/formsets.py",inspect,sed,traj
OA01-P-01-django__django-14608,7,django__django-14608,RECOVERABLE,"in-place edit under VCS: sed -i '293,295c\
        Return an ErrorList of errors (with the ""nonform"" CSS ",1,"sed -i '293,295c\\n        Return an ErrorList of errors (with the ""nonform"" CSS class) that aren\\n        t associated with a particular form -- i.e., from formset.clean().\\n        Return an empty ErrorList if there are none.' /testbed/django/forms/formsets.py",edit,sed,traj
OA01-P-01-django__django-14608,8,django__django-14608,READ_ONLY,"no observed write, delete, repo-state or network effect",1,grep -n nonform /testbed/django/forms/formsets.py,inspect,grep,traj
OA01-P-01-django__django-14608,9,django__django-14608,RECOVERABLE,writes file via redirect -> patch.txt,1,git diff -- /testbed/django/forms/formsets.py > patch.txt,edit,git,traj
OA01-P-01-django__django-14608,10,django__django-14608,READ_ONLY,"no observed write, delete, repo-state or network effect",1,head -40 patch.txt,edit,head,traj
OA01-P-01-django__django-14608,11,django__django-14608,IRREVERSIBLE,"submits final answer (task-terminating, external)",1,echo COMPLETE_TASK_AND_SUBMIT_FINAL_OUTPUT && cat patch.txt,submit,submit,traj
OA01-P-02-django__django-13590,0,django__django-13590,READ_ONLY,"no observed write, delete, repo-state or network effect",2,ls -la ;; grep -r 'resolve_lookup_value' .,reason_or_finalize,ls,traj
OA01-P-02-django__django-13590,1,django__django-13590,READ_ONLY,"no observed write, delete, repo-state or network effect",1,head -60 django/db/models/sql/query.py,inspect+inspect,head,traj
OA01-P-02-django__django-13590,2,django__django-13590,READ_ONLY,"no observed write, delete, repo-state or network effect",1,grep -n 'def resolve_lookup_value' django/db/models/sql/query.py,inspect,grep,traj
OA01-P-02-django__django-13590,3,django__django-13590,READ_ONLY,"no observed write, delete, repo-state or network effect",1,"sed -n '1070,1120p' django/db/models/sql/query.py",inspect,sed,traj
OA01-P-02-django__django-13590,4,django__django-13590,RECOVERABLE,in-place edit under VCS: sed -i 's/return type(value)(/return type(value)(*/' django/db/models/sql/query.,1,sed -i 's/return type(value)(/return type(value)(*/' django/db/models/sql/query.py,inspect,sed,traj
OA01-P-02-django__django-13590,5,django__django-13590,READ_ONLY,"no observed write, delete, repo-state or network effect",1,grep -A 10 'def resolve_lookup_value' django/db/models/sql/query.py,edit,grep,traj
OA01-P-02-django__django-13590,6,django__django-13590,READ_ONLY,"no observed write, delete, repo-state or network effect",1,"awk '/def resolve_lookup_value/,/return value/' django/db/models/sql/query.py",inspect,awk,traj
OA01-P-02-django__django-13590,7,django__django-13590,RECOVERABLE,writes file via redirect -> patch.txt,1,git diff -- django/db/models/sql/query.py > patch.txt,inspect,git,traj
OA01-P-02-django__django-13590,8,django__django-13590,READ_ONLY,"no observed write, delete, repo-state or network effect",1,head -40 patch.txt,edit,head,traj
OA01-P-02-django__django-13590,9,django__django-13590,IRREVERSIBLE,"submits final answer (task-terminating, external)",1,echo COMPLETE_TASK_AND_SUBMIT_FINAL_OUTPUT && cat patch.txt,edit,submit,traj
OA01-P-02-django__django-13590,10,django__django-13590,IRREVERSIBLE,"submits final answer (task-terminating, external)",1,echo COMPLETE_TASK_AND_SUBMIT_FINAL_OUTPUT && cat patch.txt,submit,submit,api_boundary
