hw_config,kv_persistence,prefill_scaling_model,hit_rate_h,local_wh,local_joules,local_sec,cloud_wh_batch_lo,cloud_wh_batch_hi,cloud_wh_batch_midpoint_NOT_A_FINDING,cloud_wh_output_formula,cloud_batch_at_context_floor,C_energy_ratio_lo,C_energy_ratio_hi,C_energy_vs_output_formula,local_marginal_usd,local_fully_loaded_usd_lo,local_fully_loaded_usd_hi,cloud_price_usd,C_marg_ratio,C_price_ratio_lo,C_price_ratio_hi,C_marg_label,comparison_note,cloud_prefill_rate_bracket,workload_mismatch
strix_halo,persists,optimistic_flat,0.5,2.108739130434783,7591.460869565219,63.26217391304348,0.20762019771661724,3.5206985065867387,1.864159352151678,0.428,4.225775176092559,0.5989547603947412,10.156714778361886,4.926960585127998,0.000388851495652174,0.0012715048607504467,0.06725653066976375,0.03992171875,0.00974034955977876,0.03184995287184239,1.6847102974433872,marginal_vs_fully_loaded,C_marg is Phase 1's claim (local energy $ vs cloud price $). C_price is local fully-loaded $ vs cloud price $. C_energy is Wh vs Wh. Never conflate.,"[2000.0, 15000.0] EXTRAPOLATED",Anchors are output-token-dominated; ours is prefill-dominated at 539:1 in:out. Local should look WORSE on prefill-heavy work.
strix_halo,persists,optimistic_flat,0.8,0.9721391304347824,3499.7008695652166,29.164173913043474,0.20762019771661724,3.5206985065867387,1.864159352151678,0.428,4.225775176092559,0.2761210960313827,4.682295562407971,2.271353108492482,0.0001792624556521739,0.0005861700064429884,0.031005592061016912,0.03992171875,0.004490349144904335,0.014682985221997447,0.7766597489246856,marginal_vs_fully_loaded,C_marg is Phase 1's claim (local energy $ vs cloud price $). C_price is local fully-loaded $ vs cloud price $. C_energy is Wh vs Wh. Never conflate.,"[2000.0, 15000.0] EXTRAPOLATED",Anchors are output-token-dominated; ours is prefill-dominated at 539:1 in:out. Local should look WORSE on prefill-heavy work.
strix_halo,persists,optimistic_flat,0.95,0.4038391304347828,1453.8208695652181,12.115173913043485,0.20762019771661724,3.5206985065867387,1.864159352151678,0.428,4.225775176092559,0.11470426384970363,1.9450859544310166,0.9435493701747262,7.446793565217395e-05,0.00024350257928925961,0.012880122756643513,0.03992171875,0.001865348937467126,0.006099501397074984,0.3226344746653352,marginal_vs_fully_loaded,C_marg is Phase 1's claim (local energy $ vs cloud price $). C_price is local fully-loaded $ vs cloud price $. C_energy is Wh vs Wh. Never conflate.,"[2000.0, 15000.0] EXTRAPOLATED",Anchors are output-token-dominated; ours is prefill-dominated at 539:1 in:out. Local should look WORSE on prefill-heavy work.
strix_halo,persists,optimistic_flat,1.0,0.21440579710144927,771.8608695652174,6.432173913043479,0.20762019771661724,3.5206985065867387,1.864159352151678,0.428,4.225775176092559,0.06089865312247719,1.0326827517720303,0.5009481240688067,3.953642898550725e-05,0.0001292801035713498,0.006838299655185701,0.03992171875,0.0009903488683213884,0.0032383401221008253,0.17129271657888478,marginal_vs_fully_loaded,C_marg is Phase 1's claim (local energy $ vs cloud price $). C_price is local fully-loaded $ vs cloud price $. C_energy is Wh vs Wh. Never conflate.,"[2000.0, 15000.0] EXTRAPOLATED",Anchors are output-token-dominated; ours is prefill-dominated at 539:1 in:out. Local should look WORSE on prefill-heavy work.
strix_halo,recomputes,optimistic_flat,0.0,4.003072463768116,14411.060869565217,120.09217391304348,0.20762019771661724,3.5206985065867387,1.864159352151678,0.428,4.225775176092559,1.1370108676670048,19.280746804951736,9.352973046187186,0.0007381665623188406,0.0024137296179295438,0.1276747616843418,0.03992171875,0.01849035025123613,0.06046156562158396,3.19812787830789,marginal_vs_fully_loaded,C_marg is Phase 1's claim (local energy $ vs cloud price $). C_price is local fully-loaded $ vs cloud price $. C_energy is Wh vs Wh. Never conflate.,"[2000.0, 15000.0] EXTRAPOLATED",Anchors are output-token-dominated; ours is prefill-dominated at 539:1 in:out. Local should look WORSE on prefill-heavy work.
strix_halo,persists,linear_attention_theoretic,0.5,9.318181250184518,33545.452500664265,279.5454375055355,0.20762019771661724,3.5206985065867387,1.864159352151678,0.428,4.225775176092559,2.646685375856948,44.88089960738305,21.771451519122706,0.0017182726225340253,0.005618576798790863,0.2971958617329005,0.03992171875,0.04304104823978865,0.14073985225876234,7.444465595131735,marginal_vs_fully_loaded,C_marg is Phase 1's claim (local energy $ vs cloud price $). C_price is local fully-loaded $ vs cloud price $. C_energy is Wh vs Wh. Never conflate.,"[2000.0, 15000.0] EXTRAPOLATED",Anchors are output-token-dominated; ours is prefill-dominated at 539:1 in:out. Local should look WORSE on prefill-heavy work.
strix_halo,persists,linear_attention_theoretic,0.8,3.9872874880410865,14354.234956947912,119.6186246412326,0.20762019771661724,3.5206985065867387,1.864159352151678,0.428,4.225775176092559,1.132527389261371,19.204718673292916,9.31609226177824,0.0007352558127947765,0.0024042117628880776,0.12717131263804488,0.03992171875,0.01841743882319136,0.06022315266393879,3.1855169722131484,marginal_vs_fully_loaded,C_marg is Phase 1's claim (local energy $ vs cloud price $). C_price is local fully-loaded $ vs cloud price $. C_energy is Wh vs Wh. Never conflate.,"[2000.0, 15000.0] EXTRAPOLATED",Anchors are output-token-dominated; ours is prefill-dominated at 539:1 in:out. Local should look WORSE on prefill-heavy work.
strix_halo,persists,linear_attention_theoretic,0.95,1.3218406069693724,4758.626185089741,39.65521820908118,0.20762019771661724,3.5206985065867387,1.864159352151678,0.428,4.225775176092559,0.3754483959635828,6.366628206247858,3.0884126331060107,0.00024374740792515228,0.0007970292449366857,0.042159038090617086,0.03992171875,0.006105634114892718,0.019964802866527024,1.0560426607538556,marginal_vs_fully_loaded,C_marg is Phase 1's claim (local energy $ vs cloud price $). C_price is local fully-loaded $ vs cloud price $. C_energy is Wh vs Wh. Never conflate.,"[2000.0, 15000.0] EXTRAPOLATED",Anchors are output-token-dominated; ours is prefill-dominated at 539:1 in:out. Local should look WORSE on prefill-heavy work.
strix_halo,persists,linear_attention_theoretic,1.0,0.4333583132788,1560.08992780368,13.000749398364,0.20762019771661724,3.5206985065867387,1.864159352151678,0.428,4.225775176092559,0.12308873153098644,2.087264717232833,1.0125194235485981,7.991127296861072e-05,0.00026130173895288773,0.013821613241474446,0.03992171875,0.0020016992121264995,0.006545352934056421,0.34621789026742356,marginal_vs_fully_loaded,C_marg is Phase 1's claim (local energy $ vs cloud price $). C_price is local fully-loaded $ vs cloud price $. C_energy is Wh vs Wh. Never conflate.,"[2000.0, 15000.0] EXTRAPOLATED",Anchors are output-token-dominated; ours is prefill-dominated at 539:1 in:out. Local should look WORSE on prefill-heavy work.
strix_halo,recomputes,linear_attention_theoretic,0.0,18.203004187090237,65530.81507352485,546.0901256127071,0.20762019771661724,3.5206985065867387,1.864159352151678,0.428,4.225775176092559,5.17028202018291,87.67453449753327,42.53038361469682,0.00335663397209944,0.01097585185862884,0.5805701102243266,0.03992171875,0.08408039726745081,0.2749343515834683,14.542713299996047,marginal_vs_fully_loaded,C_marg is Phase 1's claim (local energy $ vs cloud price $). C_price is local fully-loaded $ vs cloud price $. C_energy is Wh vs Wh. Never conflate.,"[2000.0, 15000.0] EXTRAPOLATED",Anchors are output-token-dominated; ours is prefill-dominated at 539:1 in:out. Local should look WORSE on prefill-heavy work.
strix_halo,persists,quadratic_pessimistic,0.5,56.7326047597631,204237.37713514717,1701.978142792893,0.20762019771661724,3.5206985065867387,1.864159352151678,0.428,4.225775176092559,16.114019605377813,273.2518578813703,132.55281485925957,0.010461492317700315,0.03420801638000603,1.8094405879469209,0.03992171875,0.2620501482717428,0.8568773452422067,45.3247165854281,marginal_vs_fully_loaded,C_marg is Phase 1's claim (local energy $ vs cloud price $). C_price is local fully-loaded $ vs cloud price $. C_energy is Wh vs Wh. Never conflate.,"[2000.0, 15000.0] EXTRAPOLATED",Anchors are output-token-dominated; ours is prefill-dominated at 539:1 in:out. Local should look WORSE on prefill-heavy work.
strix_halo,persists,quadratic_pessimistic,0.8,23.81704945812793,85741.37804926054,714.5114837438379,0.20762019771661724,3.5206985065867387,1.864159352151678,0.428,4.225775176092559,6.764864816901968,114.71451101610087,55.64731181805591,0.00439186392007879,0.01436094854867115,0.7596255479043486,0.03992171875,0.1100118947178042,0.3597277120908315,19.027876847219876,marginal_vs_fully_loaded,C_marg is Phase 1's claim (local energy $ vs cloud price $). C_price is local fully-loaded $ vs cloud price $. C_energy is Wh vs Wh. Never conflate.,"[2000.0, 15000.0] EXTRAPOLATED",Anchors are output-token-dominated; ours is prefill-dominated at 539:1 in:out. Local should look WORSE on prefill-heavy work.
strix_halo,persists,quadratic_pessimistic,0.95,7.359271807310359,26493.37850631729,220.77815421931075,0.20762019771661724,3.5206985065867387,1.864159352151678,0.428,4.225775176092559,2.0902874226640487,35.44583758346622,17.19456029745411,0.0013570497212680303,0.00443741463300372,0.23471802788306276,0.03992171875,0.033992767940834966,0.11115289551514412,5.879456978115772,marginal_vs_fully_loaded,C_marg is Phase 1's claim (local energy $ vs cloud price $). C_price is local fully-loaded $ vs cloud price $. C_energy is Wh vs Wh. Never conflate.,"[2000.0, 15000.0] EXTRAPOLATED",Anchors are output-token-dominated; ours is prefill-dominated at 539:1 in:out. Local should look WORSE on prefill-heavy work.
strix_halo,persists,quadratic_pessimistic,1.0,1.873345923704493,6744.045325336175,56.20037771113479,0.20762019771661724,3.5206985065867387,1.864159352151678,0.428,4.225775176092559,0.5320949579180729,9.022946439254627,4.376976457253488,0.0003454449883311085,0.0011295699944479053,0.05974885454263391,0.03992171875,0.00865305901517851,0.028294623323248207,1.4966503550810648,marginal_vs_fully_loaded,C_marg is Phase 1's claim (local energy $ vs cloud price $). C_price is local fully-loaded $ vs cloud price $. C_energy is Wh vs Wh. Never conflate.,"[2000.0, 15000.0] EXTRAPOLATED",Anchors are output-token-dominated; ours is prefill-dominated at 539:1 in:out. Local should look WORSE on prefill-heavy work.
strix_halo,recomputes,quadratic_pessimistic,0.0,111.5918635958217,401730.70894495817,3347.7559078746513,0.20762019771661724,3.5206985065867387,1.864159352151678,0.428,4.225775176092559,31.695944252837556,537.480769323486,260.72865326126566,0.020577539647069525,0.06728646276556416,3.5591323213512083,0.03992171875,0.5154472375283072,1.6854600671611655,89.15278281577514,marginal_vs_fully_loaded,C_marg is Phase 1's claim (local energy $ vs cloud price $). C_price is local fully-loaded $ vs cloud price $. C_energy is Wh vs Wh. Never conflate.,"[2000.0, 15000.0] EXTRAPOLATED",Anchors are output-token-dominated; ours is prefill-dominated at 539:1 in:out. Local should look WORSE on prefill-heavy work.
apple_m_series,persists,optimistic_flat,0.5,1.5273234397333504,5498.3643830400615,68.72955478800077,0.20762019771661724,3.5206985065867387,1.864159352151678,0.428,4.225775176092559,0.43381261896636136,7.3563336155666725,3.568512709657361,0.0002816384422868298,0.002461038327751086,0.1653876903713971,0.03992171875,0.007054767457546646,0.06164660252136779,4.142799848050057,marginal_vs_fully_loaded,C_marg is Phase 1's claim (local energy $ vs cloud price $). C_price is local fully-loaded $ vs cloud price $. C_energy is Wh vs Wh. Never conflate.,"[2000.0, 15000.0] EXTRAPOLATED",Anchors are output-token-dominated; ours is prefill-dominated at 539:1 in:out. Local should look WORSE on prefill-heavy work.
apple_m_series,persists,optimistic_flat,0.8,0.6720939438718002,2419.5381979384806,30.244227474231007,0.20762019771661724,3.5206985065867387,1.864159352151678,0.428,4.225775176092559,0.19089789785021513,3.237131797693149,1.5703129529714959,0.00012393412324995996,0.0010829722851674831,0.07277834032912292,0.03992171875,0.0031044285449248086,0.0271273962914606,1.8230262275249087,marginal_vs_fully_loaded,C_marg is Phase 1's claim (local energy $ vs cloud price $). C_price is local fully-loaded $ vs cloud price $. C_energy is Wh vs Wh. Never conflate.,"[2000.0, 15000.0] EXTRAPOLATED",Anchors are output-token-dominated; ours is prefill-dominated at 539:1 in:out. Local should look WORSE on prefill-heavy work.
apple_m_series,persists,optimistic_flat,0.95,0.24447919594102532,880.1251053876912,11.00156381734614,0.20762019771661724,3.5206985065867387,1.864159352151678,0.428,4.225775176092559,0.06944053729214207,1.177530888756388,0.5712130746285639,4.508196373152507e-05,0.00039393926387568226,0.02647366530798586,0.03992171875,0.0011292590886138906,0.009867793176507017,0.6631394172623356,marginal_vs_fully_loaded,C_marg is Phase 1's claim (local energy $ vs cloud price $). C_price is local fully-loaded $ vs cloud price $. C_energy is Wh vs Wh. Never conflate.,"[2000.0, 15000.0] EXTRAPOLATED",Anchors are output-token-dominated; ours is prefill-dominated at 539:1 in:out. Local should look WORSE on prefill-heavy work.
apple_m_series,persists,optimistic_flat,1.0,0.10194094663076686,366.9874078707607,4.587342598384509,0.20762019771661724,3.5206985065867387,1.864159352151678,0.428,4.225775176092559,0.028954750439451,0.49099725244413367,0.23817978184758612,1.879791055871341e-05,0.00016426159011174833,0.01103877363427348,0.03992171875,0.00047086926984358385,0.004114592138189149,0.2765104805081439,marginal_vs_fully_loaded,C_marg is Phase 1's claim (local energy $ vs cloud price $). C_price is local fully-loaded $ vs cloud price $. C_energy is Wh vs Wh. Never conflate.,"[2000.0, 15000.0] EXTRAPOLATED",Anchors are output-token-dominated; ours is prefill-dominated at 539:1 in:out. Local should look WORSE on prefill-heavy work.
apple_m_series,recomputes,optimistic_flat,0.0,2.9527059328359337,10629.741358209361,132.87176697761703,0.20762019771661724,3.5206985065867387,1.864159352151678,0.428,4.225775176092559,0.8386704874932717,14.221669978689212,6.898845637467135,0.0005444789740149462,0.0047578150653904226,0.31973660710852075,0.03992171875,0.01363866564524971,0.11917861290454641,8.00908921559197,marginal_vs_fully_loaded,C_marg is Phase 1's claim (local energy $ vs cloud price $). C_price is local fully-loaded $ vs cloud price $. C_energy is Wh vs Wh. Never conflate.,"[2000.0, 15000.0] EXTRAPOLATED",Anchors are output-token-dominated; ours is prefill-dominated at 539:1 in:out. Local should look WORSE on prefill-heavy work.
apple_m_series,persists,linear_attention_theoretic,0.5,6.952035343232021,25027.327235635275,312.84159044544094,0.20762019771661724,3.5206985065867387,1.864159352151678,0.428,4.225775176092559,1.9746181986971412,33.4843884154321,16.243073231850516,0.0012819553172919846,0.011202097074186993,0.7528078459911564,0.03992171875,0.03211172658471736,0.28060157290164245,18.85710008392753,marginal_vs_fully_loaded,C_marg is Phase 1's claim (local energy $ vs cloud price $). C_price is local fully-loaded $ vs cloud price $. C_energy is Wh vs Wh. Never conflate.,"[2000.0, 15000.0] EXTRAPOLATED",Anchors are output-token-dominated; ours is prefill-dominated at 539:1 in:out. Local should look WORSE on prefill-heavy work.
apple_m_series,persists,linear_attention_theoretic,0.8,2.9408285997079955,10586.982958948784,132.3372869868598,0.20762019771661724,3.5206985065867387,1.864159352151678,0.428,4.225775176092559,0.8352969145770685,14.164462957125009,6.871094859130831,0.0005422887937861544,0.004738676635835234,0.3184504586459892,0.03992171875,0.013583803773131745,0.11869921396696463,7.976872454821079,marginal_vs_fully_loaded,C_marg is Phase 1's claim (local energy $ vs cloud price $). C_price is local fully-loaded $ vs cloud price $. C_energy is Wh vs Wh. Never conflate.,"[2000.0, 15000.0] EXTRAPOLATED",Anchors are output-token-dominated; ours is prefill-dominated at 539:1 in:out. Local should look WORSE on prefill-heavy work.
apple_m_series,persists,linear_attention_theoretic,0.95,0.9352252279459837,3366.8108206055413,42.08513525756926,0.20762019771661724,3.5206985065867387,1.864159352151678,0.428,4.225775176092559,0.26563627251703237,4.5045002279714685,2.18510567277099,0.00017245553203323942,0.0015069664166593578,0.10127176497340584,0.03992171875,0.004319842367338941,0.03774803449962579,2.5367586402678577,marginal_vs_fully_loaded,C_marg is Phase 1's claim (local energy $ vs cloud price $). C_price is local fully-loaded $ vs cloud price $. C_energy is Wh vs Wh. Never conflate.,"[2000.0, 15000.0] EXTRAPOLATED",Anchors are output-token-dominated; ours is prefill-dominated at 539:1 in:out. Local should look WORSE on prefill-heavy work.
apple_m_series,persists,linear_attention_theoretic,1.0,0.26669077069197883,960.0867744911238,12.001084681139048,0.20762019771661724,3.5206985065867387,1.864159352151678,0.428,4.225775176092559,0.07574939183035337,1.28451265158695,0.6231092773177076,4.9177778115600904e-05,0.00042972967693406393,0.02887886708254462,0.03992171875,0.0012318552320746687,0.010764308010512797,0.7233873687501147,marginal_vs_fully_loaded,C_marg is Phase 1's claim (local energy $ vs cloud price $). C_price is local fully-loaded $ vs cloud price $. C_energy is Wh vs Wh. Never conflate.,"[2000.0, 15000.0] EXTRAPOLATED",Anchors are output-token-dominated; ours is prefill-dominated at 539:1 in:out. Local should look WORSE on prefill-heavy work.
apple_m_series,recomputes,linear_attention_theoretic,0.0,13.637379915772064,49094.56769677943,613.6820962097429,0.20762019771661724,3.5206985065867387,1.864159352151678,0.428,4.225775176092559,3.873487005563929,65.68426417927725,31.863037186383327,0.002514732856468369,0.02197446447143992,1.4767368248997677,0.03992171875,0.06299159793736007,0.5504388377927721,36.99081279910494,marginal_vs_fully_loaded,C_marg is Phase 1's claim (local energy $ vs cloud price $). C_price is local fully-loaded $ vs cloud price $. C_energy is Wh vs Wh. Never conflate.,"[2000.0, 15000.0] EXTRAPOLATED",Anchors are output-token-dominated; ours is prefill-dominated at 539:1 in:out. Local should look WORSE on prefill-heavy work.
apple_m_series,persists,quadratic_pessimistic,0.5,42.62880246857332,153463.68888686394,1918.296111085799,0.20762019771661724,3.5206985065867387,1.864159352151678,0.428,4.225775176092559,12.108052532422398,205.3210763567318,99.60000576769467,0.00786075117520492,0.06868952182100017,4.616100951614239,0.03992171875,0.1969041269097393,1.720605323912818,115.62881299077934,marginal_vs_fully_loaded,C_marg is Phase 1's claim (local energy $ vs cloud price $). C_price is local fully-loaded $ vs cloud price $. C_energy is Wh vs Wh. Never conflate.,"[2000.0, 15000.0] EXTRAPOLATED",Anchors are output-token-dominated; ours is prefill-dominated at 539:1 in:out. Local should look WORSE on prefill-heavy work.
apple_m_series,persists,quadratic_pessimistic,0.8,17.86164272317439,64301.91380342781,803.7739225428477,0.20762019771661724,3.5206985065867387,1.864159352151678,0.428,4.225775176092559,5.073323571943958,86.03037141672466,41.732810100874744,0.003293686918153358,0.02878119080396157,1.9341651934187756,0.03992171875,0.08250363514605337,0.7209406735265267,48.448945936697065,marginal_vs_fully_loaded,C_marg is Phase 1's claim (local energy $ vs cloud price $). C_price is local fully-loaded $ vs cloud price $. C_energy is Wh vs Wh. Never conflate.,"[2000.0, 15000.0] EXTRAPOLATED",Anchors are output-token-dominated; ours is prefill-dominated at 539:1 in:out. Local should look WORSE on prefill-heavy work.
apple_m_series,persists,quadratic_pessimistic,0.95,5.478062850474942,19721.02626170979,246.5128282713724,0.20762019771661724,3.5206985065867387,1.864159352151678,0.428,4.225775176092559,1.5559590917047414,26.38501894672117,12.799212267464817,0.0010101547896275793,0.00882702529544228,0.5931973143210444,0.03992171875,0.025303389264210458,0.2211083483333813,14.859012409655943,marginal_vs_fully_loaded,C_marg is Phase 1's claim (local energy $ vs cloud price $). C_price is local fully-loaded $ vs cloud price $. C_energy is Wh vs Wh. Never conflate.,"[2000.0, 15000.0] EXTRAPOLATED",Anchors are output-token-dominated; ours is prefill-dominated at 539:1 in:out. Local should look WORSE on prefill-heavy work.
apple_m_series,persists,quadratic_pessimistic,1.0,1.3502028929084524,4860.7304144704285,60.759130180880355,0.20762019771661724,3.5206985065867387,1.864159352151678,0.428,4.225775176092559,0.3835042649583343,6.503234790053312,3.15467965632816,0.00024897741345231866,0.002175636792602508,0.14620802128846663,0.03992171875,0.006236640636929457,0.05449757326899929,3.6623679006422196,marginal_vs_fully_loaded,C_marg is Phase 1's claim (local energy $ vs cloud price $). C_price is local fully-loaded $ vs cloud price $. C_energy is Wh vs Wh. Never conflate.,"[2000.0, 15000.0] EXTRAPOLATED",Anchors are output-token-dominated; ours is prefill-dominated at 539:1 in:out. Local should look WORSE on prefill-heavy work.
apple_m_series,recomputes,quadratic_pessimistic,0.0,83.90740204423818,302066.64735925745,3775.833091990718,0.20762019771661724,3.5206985065867387,1.864159352151678,0.428,4.225775176092559,23.832600799886464,404.13891792341025,196.04533187906117,0.01547252493695752,0.13520340684939786,9.085993881940013,0.03992171875,0.3875716131825491,3.386713074556637,227.59525808091647,marginal_vs_fully_loaded,C_marg is Phase 1's claim (local energy $ vs cloud price $). C_price is local fully-loaded $ vs cloud price $. C_energy is Wh vs Wh. Never conflate.,"[2000.0, 15000.0] EXTRAPOLATED",Anchors are output-token-dominated; ours is prefill-dominated at 539:1 in:out. Local should look WORSE on prefill-heavy work.
discrete_gpu_rtx5090,persists,optimistic_flat,0.5,1.310803143670858,4718.891317215089,8.136019512439809,0.20762019771661724,3.5206985065867387,1.864159352151678,0.428,4.225775176092559,0.37231337509262075,6.313466406866569,3.062624167455276,0.0002417120996929062,0.00040682665093470853,0.012750390224071869,0.03992171875,0.006054651634779783,0.010190609614840506,0.31938480163938004,marginal_vs_fully_loaded,C_marg is Phase 1's claim (local energy $ vs cloud price $). C_price is local fully-loaded $ vs cloud price $. C_energy is Wh vs Wh. Never conflate.,"[2000.0, 15000.0] EXTRAPOLATED",Anchors are output-token-dominated; ours is prefill-dominated at 539:1 in:out. Local should look WORSE on prefill-heavy work.
discrete_gpu_rtx5090,persists,optimistic_flat,0.8,0.6608945871232388,2379.2205136436596,4.102104333868379,0.20762019771661724,3.5206985065867387,1.864159352151678,0.428,4.225775176092559,0.18771689364675692,3.183190240601254,1.5441462315963523,0.00012186896186552524,0.00020511816194403114,0.006428626543570518,0.03992171875,0.0030526982725543406,0.005138009293350656,0.16103080590863883,marginal_vs_fully_loaded,C_marg is Phase 1's claim (local energy $ vs cloud price $). C_price is local fully-loaded $ vs cloud price $. C_energy is Wh vs Wh. Never conflate.,"[2000.0, 15000.0] EXTRAPOLATED",Anchors are output-token-dominated; ours is prefill-dominated at 539:1 in:out. Local should look WORSE on prefill-heavy work.
discrete_gpu_rtx5090,persists,optimistic_flat,0.95,0.3359403088494293,1209.3851118579455,2.085146744582665,0.20762019771661724,3.5206985065867387,1.864159352151678,0.428,4.225775176092559,0.09541865292382509,1.6180521574685975,0.784907263666891,6.194739295183476e-05,0.00010426391744869248,0.0032677447033198446,0.03992171875,0.00155172159144162,0.0026117091326057318,0.08185380804326829,marginal_vs_fully_loaded,C_marg is Phase 1's claim (local energy $ vs cloud price $). C_price is local fully-loaded $ vs cloud price $. C_energy is Wh vs Wh. Never conflate.,"[2000.0, 15000.0] EXTRAPOLATED",Anchors are output-token-dominated; ours is prefill-dominated at 539:1 in:out. Local should look WORSE on prefill-heavy work.
discrete_gpu_rtx5090,persists,optimistic_flat,1.0,0.22762221609149277,819.439977929374,1.412827548154093,0.20762019771661724,3.5206985065867387,1.864159352151678,0.428,4.225775176092559,0.06465257268284778,1.096339463091045,0.5318276076904037,4.1973536647271264e-05,7.064583595024627e-05,0.002214117423236286,0.03992171875,0.0010513960310707129,0.0017696090790240906,0.05546147542147809,marginal_vs_fully_loaded,C_marg is Phase 1's claim (local energy $ vs cloud price $). C_price is local fully-loaded $ vs cloud price $. C_energy is Wh vs Wh. Never conflate.,"[2000.0, 15000.0] EXTRAPOLATED",Anchors are output-token-dominated; ours is prefill-dominated at 539:1 in:out. Local should look WORSE on prefill-heavy work.
discrete_gpu_rtx5090,recomputes,optimistic_flat,0.0,2.393984071250223,8618.342656500803,14.859211476725523,0.20762019771661724,3.5206985065867387,1.864159352151678,0.428,4.225775176092559,0.6799741775023936,11.530593350642091,5.593420727220147,0.00044145066273854115,0.0007430074659191707,0.023286663024907447,0.03992171875,0.011057907238488852,0.01861161015065692,0.5833081278572818,marginal_vs_fully_loaded,C_marg is Phase 1's claim (local energy $ vs cloud price $). C_price is local fully-loaded $ vs cloud price $. C_energy is Wh vs Wh. Never conflate.,"[2000.0, 15000.0] EXTRAPOLATED",Anchors are output-token-dominated; ours is prefill-dominated at 539:1 in:out. Local should look WORSE on prefill-heavy work.
discrete_gpu_rtx5090,persists,linear_attention_theoretic,0.5,5.4331664390783505,19559.399180682063,33.72310203565873,0.20762019771661724,3.5206985065867387,1.864159352151678,0.428,4.225775176092559,1.5432069599011815,26.1687759612585,12.694314109996146,0.001001875891366048,0.0016862615237487719,0.052849272283996655,0.03992171875,0.02509601096185389,0.04223920153109069,1.323822569237369,marginal_vs_fully_loaded,C_marg is Phase 1's claim (local energy $ vs cloud price $). C_price is local fully-loaded $ vs cloud price $. C_energy is Wh vs Wh. Never conflate.,"[2000.0, 15000.0] EXTRAPOLATED",Anchors are output-token-dominated; ours is prefill-dominated at 539:1 in:out. Local should look WORSE on prefill-heavy work.
discrete_gpu_rtx5090,persists,linear_attention_theoretic,0.8,2.384958212733688,8585.849565841278,14.803188906622893,0.20762019771661724,3.5206985065867387,1.864159352151678,0.428,4.225775176092559,0.6774105218813148,11.487120419704734,5.572332272742262,0.00043978629442809216,0.0007402061606203375,0.02319886706656789,0.03992171875,0.01101621644053319,0.018541440193386903,0.5811089249900567,marginal_vs_fully_loaded,C_marg is Phase 1's claim (local energy $ vs cloud price $). C_price is local fully-loaded $ vs cloud price $. C_energy is Wh vs Wh. Never conflate.,"[2000.0, 15000.0] EXTRAPOLATED",Anchors are output-token-dominated; ours is prefill-dominated at 539:1 in:out. Local should look WORSE on prefill-heavy work.
discrete_gpu_rtx5090,persists,linear_attention_theoretic,0.95,0.860854099561358,3099.074758420889,5.343232342104981,0.20762019771661724,3.5206985065867387,1.864159352151678,0.428,4.225775176092559,0.24451230287138176,4.146292648927855,2.0113413541153227,0.00015874149595911444,0.00026717847905612064,0.008373664457853524,0.03992171875,0.0039763191798728465,0.006692559524535016,0.20975210286640084,marginal_vs_fully_loaded,C_marg is Phase 1's claim (local energy $ vs cloud price $). C_price is local fully-loaded $ vs cloud price $. C_energy is Wh vs Wh. Never conflate.,"[2000.0, 15000.0] EXTRAPOLATED",Anchors are output-token-dominated; ours is prefill-dominated at 539:1 in:out. Local should look WORSE on prefill-heavy work.
discrete_gpu_rtx5090,persists,linear_attention_theoretic,1.0,0.35281939517058064,1270.1498226140902,2.189913487265673,0.20762019771661724,3.5206985065867387,1.864159352151678,0.428,4.225775176092559,0.10021289653473721,1.6993500586688928,0.8243443812396745,6.505989646945507e-05,0.00010950258520138145,0.0034319302549487268,0.03992171875,0.0016296867596527283,0.0027429326349177148,0.0859664954918487,marginal_vs_fully_loaded,C_marg is Phase 1's claim (local energy $ vs cloud price $). C_price is local fully-loaded $ vs cloud price $. C_energy is Wh vs Wh. Never conflate.,"[2000.0, 15000.0] EXTRAPOLATED",Anchors are output-token-dominated; ours is prefill-dominated at 539:1 in:out. Local should look WORSE on prefill-heavy work.
discrete_gpu_rtx5090,recomputes,linear_attention_theoretic,0.0,10.513513482986122,37848.648538750036,65.25629058405178,0.20762019771661724,3.5206985065867387,1.864159352151678,0.428,4.225775176092559,2.986201023267626,50.63820186384812,24.564283838752623,0.001938691886262641,0.0032630204622961624,0.10226661431304457,0.03992171875,0.04856233516405505,0.08173547042726366,2.5616786429828893,marginal_vs_fully_loaded,C_marg is Phase 1's claim (local energy $ vs cloud price $). C_price is local fully-loaded $ vs cloud price $. C_energy is Wh vs Wh. Never conflate.,"[2000.0, 15000.0] EXTRAPOLATED",Anchors are output-token-dominated; ours is prefill-dominated at 539:1 in:out. Local should look WORSE on prefill-heavy work.
discrete_gpu_rtx5090,persists,quadratic_pessimistic,0.5,32.544762024726516,117161.14328901545,202.0019711879577,0.20762019771661724,3.5206985065867387,1.864159352151678,0.428,4.225775176092559,9.243836688611587,156.75142583741862,76.03916360917411,0.00600125411735957,0.01010073602883512,0.31656806559278,0.03992171875,0.1503255447226848,0.2530135561569508,7.9297203503488936,marginal_vs_fully_loaded,C_marg is Phase 1's claim (local energy $ vs cloud price $). C_price is local fully-loaded $ vs cloud price $. C_energy is Wh vs Wh. Never conflate.,"[2000.0, 15000.0] EXTRAPOLATED",Anchors are output-token-dominated; ours is prefill-dominated at 539:1 in:out. Local should look WORSE on prefill-heavy work.
discrete_gpu_rtx5090,persists,quadratic_pessimistic,0.8,13.72362791065909,49405.060478372725,85.18113875581504,0.20762019771661724,3.5206985065867387,1.864159352151678,0.428,4.225775176092559,3.8979844155880103,66.0996765323892,32.064551193128715,0.0025306369867255365,0.00425932574889327,0.13349190684791742,0.03992171875,0.06338998084158229,0.10669194318927638,3.3438416738487096,marginal_vs_fully_loaded,C_marg is Phase 1's claim (local energy $ vs cloud price $). C_price is local fully-loaded $ vs cloud price $. C_energy is Wh vs Wh. Never conflate.,"[2000.0, 15000.0] EXTRAPOLATED",Anchors are output-token-dominated; ours is prefill-dominated at 539:1 in:out. Local should look WORSE on prefill-heavy work.
discrete_gpu_rtx5090,persists,quadratic_pessimistic,0.95,4.313060853625382,15527.019073051375,26.77072253974375,0.20762019771661724,3.5206985065867387,1.864159352151678,0.428,4.225775176092559,1.225058279076224,20.773801879874515,10.077244985106033,0.0007953284214085205,0.001338620608922346,0.0419538274754862,0.03992171875,0.019922198901031044,0.03353113670543921,1.0509023355986193,marginal_vs_fully_loaded,C_marg is Phase 1's claim (local energy $ vs cloud price $). C_price is local fully-loaded $ vs cloud price $. C_energy is Wh vs Wh. Never conflate.,"[2000.0, 15000.0] EXTRAPOLATED",Anchors are output-token-dominated; ours is prefill-dominated at 539:1 in:out. Local should look WORSE on prefill-heavy work.
discrete_gpu_rtx5090,persists,quadratic_pessimistic,1.0,1.1762051679474745,4234.338604610908,7.300583801053289,0.20762019771661724,3.5206985065867387,1.864159352151678,0.428,4.225775176092559,0.3340829002389605,5.665176995702932,2.7481429157651274,0.0002168922329695143,0.00036505222893203667,0.011441134351342419,0.03992171875,0.00543293825418061,0.009144201210826793,0.28658922284858834,marginal_vs_fully_loaded,C_marg is Phase 1's claim (local energy $ vs cloud price $). C_price is local fully-loaded $ vs cloud price $. C_energy is Wh vs Wh. Never conflate.,"[2000.0, 15000.0] EXTRAPOLATED",Anchors are output-token-dominated; ours is prefill-dominated at 539:1 in:out. Local should look WORSE on prefill-heavy work.
discrete_gpu_rtx5090,recomputes,quadratic_pessimistic,0.0,63.91331888150556,230087.94797342003,396.70335857486214,0.20762019771661724,3.5206985065867387,1.864159352151678,0.428,4.225775176092559,18.153590476984213,307.8376746791343,149.3301843025831,0.011785616001749625,0.0198364198287382,0.6216949968342175,0.03992171875,0.295218151191189,0.4968829111030747,15.572851477849197,marginal_vs_fully_loaded,C_marg is Phase 1's claim (local energy $ vs cloud price $). C_price is local fully-loaded $ vs cloud price $. C_energy is Wh vs Wh. Never conflate.,"[2000.0, 15000.0] EXTRAPOLATED",Anchors are output-token-dominated; ours is prefill-dominated at 539:1 in:out. Local should look WORSE on prefill-heavy work.
