hw_config,scaling,alpha,alpha_lo,alpha_hi,prefill_rate_at_context_floor,hit_rate_h,T_local_expected_s,T_cloud_s,ratio_local_over_cloud,max_tolerable_escalation_rate_e_star,verdict,regime,extrapolation_distance
strix_halo,fitted_power_law,0.3435127150025187,0.27043586268812164,0.45421587725549795,155.4837178911657,0.0,747.1093364103077,6.621027732463296,112.8388773765719,-111.8388773765719,DEAD_ON_LATENCY_regardless_of_escalation_rate,EXTRAPOLATED,"exponent fitted to depths [512, 2048, 8192, 32768, 65536] on Lunar Lake + Qwen2.5-0.5B; absolute rate from published pp512 on target hw; applied at context_floor=115440 (1.8x beyond deepest measured depth)"
strix_halo,fitted_power_law,0.3435127150025187,0.27043586268812164,0.45421587725549795,155.4837178911657,0.5,381.6048271871656,6.621027732463296,57.63528603212674,-56.63528603212674,DEAD_ON_LATENCY_regardless_of_escalation_rate,EXTRAPOLATED,"exponent fitted to depths [512, 2048, 8192, 32768, 65536] on Lunar Lake + Qwen2.5-0.5B; absolute rate from published pp512 on target hw; applied at context_floor=115440 (1.8x beyond deepest measured depth)"
strix_halo,fitted_power_law,0.3435127150025187,0.27043586268812164,0.45421587725549795,155.4837178911657,0.8,162.30212165328027,6.621027732463296,24.51313122545964,-23.51313122545964,DEAD_ON_LATENCY_regardless_of_escalation_rate,EXTRAPOLATED,"exponent fitted to depths [512, 2048, 8192, 32768, 65536] on Lunar Lake + Qwen2.5-0.5B; absolute rate from published pp512 on target hw; applied at context_floor=115440 (1.8x beyond deepest measured depth)"
strix_halo,fitted_power_law,0.3435127150025187,0.27043586268812164,0.45421587725549795,155.4837178911657,0.95,52.650768886337715,6.621027732463296,7.952053822126109,-6.952053822126109,DEAD_ON_LATENCY_regardless_of_escalation_rate,EXTRAPOLATED,"exponent fitted to depths [512, 2048, 8192, 32768, 65536] on Lunar Lake + Qwen2.5-0.5B; absolute rate from published pp512 on target hw; applied at context_floor=115440 (1.8x beyond deepest measured depth)"
strix_halo,fitted_power_law,0.3435127150025187,0.27043586268812164,0.45421587725549795,155.4837178911657,1.0,16.10031796402347,6.621027732463296,2.431694687681589,-1.4316946876815888,DEAD_ON_LATENCY_regardless_of_escalation_rate,EXTRAPOLATED,"exponent fitted to depths [512, 2048, 8192, 32768, 65536] on Lunar Lake + Qwen2.5-0.5B; absolute rate from published pp512 on target hw; applied at context_floor=115440 (1.8x beyond deepest measured depth)"
apple_m_series,fitted_power_law,0.3435127150025187,0.27043586268812164,0.45421587725549795,137.7585740515728,0.0,840.5660813086151,6.621027732463296,126.95401911507926,-125.95401911507926,DEAD_ON_LATENCY_regardless_of_escalation_rate,EXTRAPOLATED,"exponent fitted to depths [512, 2048, 8192, 32768, 65536] on Lunar Lake + Qwen2.5-0.5B; absolute rate from published pp512 on target hw; applied at context_floor=115440 (1.8x beyond deepest measured depth)"
apple_m_series,fitted_power_law,0.3435127150025187,0.27043586268812164,0.45421587725549795,137.7585740515728,0.5,428.0327751876872,6.621027732463296,64.64748260893349,-63.64748260893349,DEAD_ON_LATENCY_regardless_of_escalation_rate,EXTRAPOLATED,"exponent fitted to depths [512, 2048, 8192, 32768, 65536] on Lunar Lake + Qwen2.5-0.5B; absolute rate from published pp512 on target hw; applied at context_floor=115440 (1.8x beyond deepest measured depth)"
apple_m_series,fitted_power_law,0.3435127150025187,0.27043586268812164,0.45421587725549795,137.7585740515728,0.8,180.51279151513035,6.621027732463296,27.263560705246,-26.263560705246,DEAD_ON_LATENCY_regardless_of_escalation_rate,EXTRAPOLATED,"exponent fitted to depths [512, 2048, 8192, 32768, 65536] on Lunar Lake + Qwen2.5-0.5B; absolute rate from published pp512 on target hw; applied at context_floor=115440 (1.8x beyond deepest measured depth)"
apple_m_series,fitted_power_law,0.3435127150025187,0.27043586268812164,0.45421587725549795,137.7585740515728,0.95,56.75279967885206,6.621027732463296,8.571599753402282,-7.571599753402282,DEAD_ON_LATENCY_regardless_of_escalation_rate,EXTRAPOLATED,"exponent fitted to depths [512, 2048, 8192, 32768, 65536] on Lunar Lake + Qwen2.5-0.5B; absolute rate from published pp512 on target hw; applied at context_floor=115440 (1.8x beyond deepest measured depth)"
apple_m_series,fitted_power_law,0.3435127150025187,0.27043586268812164,0.45421587725549795,137.7585740515728,1.0,15.49946906675922,6.621027732463296,2.3409461027876977,-1.3409461027876977,DEAD_ON_LATENCY_regardless_of_escalation_rate,EXTRAPOLATED,"exponent fitted to depths [512, 2048, 8192, 32768, 65536] on Lunar Lake + Qwen2.5-0.5B; absolute rate from published pp512 on target hw; applied at context_floor=115440 (1.8x beyond deepest measured depth)"
discrete_gpu_rtx5090,fitted_power_law,0.3435127150025187,0.27043586268812164,0.45421587725549795,1314.2774644385327,0.0,89.03758114716081,6.621027732463296,13.447697962448368,-12.447697962448368,DEAD_ON_LATENCY_regardless_of_escalation_rate,EXTRAPOLATED,"exponent fitted to depths [512, 2048, 8192, 32768, 65536] on Lunar Lake + Qwen2.5-0.5B; absolute rate from published pp512 on target hw; applied at context_floor=115440 (1.8x beyond deepest measured depth)"
discrete_gpu_rtx5090,fitted_power_law,0.3435127150025187,0.27043586268812164,0.45421587725549795,1314.2774644385327,0.5,45.797092332815865,6.621027732463296,6.916915950717133,-5.916915950717133,DEAD_ON_LATENCY_regardless_of_escalation_rate,EXTRAPOLATED,"exponent fitted to depths [512, 2048, 8192, 32768, 65536] on Lunar Lake + Qwen2.5-0.5B; absolute rate from published pp512 on target hw; applied at context_floor=115440 (1.8x beyond deepest measured depth)"
discrete_gpu_rtx5090,fitted_power_law,0.3435127150025187,0.27043586268812164,0.45421587725549795,1314.2774644385327,0.8,19.852799044208894,6.621027732463296,2.9984467436783913,-1.9984467436783913,DEAD_ON_LATENCY_regardless_of_escalation_rate,EXTRAPOLATED,"exponent fitted to depths [512, 2048, 8192, 32768, 65536] on Lunar Lake + Qwen2.5-0.5B; absolute rate from published pp512 on target hw; applied at context_floor=115440 (1.8x beyond deepest measured depth)"
discrete_gpu_rtx5090,fitted_power_law,0.3435127150025187,0.27043586268812164,0.45421587725549795,1314.2774644385327,0.95,6.88065239990542,6.621027732463296,1.0392121401590222,-0.03921214015902219,DEAD_ON_LATENCY_regardless_of_escalation_rate,EXTRAPOLATED,"exponent fitted to depths [512, 2048, 8192, 32768, 65536] on Lunar Lake + Qwen2.5-0.5B; absolute rate from published pp512 on target hw; applied at context_floor=115440 (1.8x beyond deepest measured depth)"
discrete_gpu_rtx5090,fitted_power_law,0.3435127150025187,0.27043586268812164,0.45421587725549795,1314.2774644385327,1.0,2.5566035184709226,6.621027732463296,0.38613393898589826,0.6138660610141018,local_first_wins_only_if_escalation_below_e_star,EXTRAPOLATED,"exponent fitted to depths [512, 2048, 8192, 32768, 65536] on Lunar Lake + Qwen2.5-0.5B; absolute rate from published pp512 on target hw; applied at context_floor=115440 (1.8x beyond deepest measured depth)"
